https://wiki.freeswitch.org/wiki/Main_Page,Main_Page,https://70.169.193.216/wiki/Main_Page
https://wiki.freeswitch.org/wiki/Mod_commands,Mod_commands,https://70.169.193.216/wiki/Mod_commands
https://wiki.freeswitch.org/wiki/FreeSWITCH_Wiki:About,FreeSWITCH_Wiki:About,https://70.169.193.216/wiki/FreeSWITCH_Wiki:About
https://wiki.freeswitch.org/wiki/FreeSWITCH_Wiki:Privacy_policy,FreeSWITCH_Wiki:Privacy_policy,https://70.169.193.216/wiki/FreeSWITCH_Wiki:Privacy_policy
https://wiki.freeswitch.org/wiki/Index,Index,https://70.169.193.216/wiki/Index
https://wiki.freeswitch.org/wiki/Help:Contents,Help:Contents,https://70.169.193.216/wiki/Help:Contents
https://wiki.freeswitch.org/wiki/FreeSwitch_In_The_News,FreeSwitch_In_The_News,https://70.169.193.216/wiki/FreeSwitch_In_The_News
https://wiki.freeswitch.org/wiki/Bounty_challenged,Bounty_challenged,https://70.169.193.216/wiki/Bounty_challenged
https://wiki.freeswitch.org/wiki/Current_Status,Current_Status,https://70.169.193.216/wiki/Current_Status
https://wiki.freeswitch.org/wiki/Whats_New,Whats_New,https://70.169.193.216/wiki/Whats_New
https://wiki.freeswitch.org/wiki/Documentation_Feedback,Documentation_Feedback,https://70.169.193.216/wiki/Documentation_Feedback
https://wiki.freeswitch.org/wiki/Bounty,Bounty,https://70.169.193.216/wiki/Bounty
https://wiki.freeswitch.org/wiki/Features,Features,https://70.169.193.216/wiki/Features
https://wiki.freeswitch.org/wiki/IRC,IRC,https://70.169.193.216/wiki/IRC
https://wiki.freeswitch.org/wiki/Misc._Dialplan_Tools_pre_answer,Misc._Dialplan_Tools_pre_answer,https://70.169.193.216/wiki/Misc._Dialplan_Tools_pre_answer
https://wiki.freeswitch.org/wiki/Mod_dptools,Mod_dptools,https://70.169.193.216/wiki/Mod_dptools
https://wiki.freeswitch.org/wiki/Help_talk:Contents,Help_talk:Contents,https://70.169.193.216/wiki/Help_talk:Contents
https://wiki.freeswitch.org/wiki/Jitterbuffer,Jitterbuffer,https://70.169.193.216/wiki/Jitterbuffer
https://wiki.freeswitch.org/wiki/Custom_Ring_Back_Tones,Custom_Ring_Back_Tones,https://70.169.193.216/wiki/Custom_Ring_Back_Tones
https://wiki.freeswitch.org/wiki/Mod_xml_curl,Mod_xml_curl,https://70.169.193.216/wiki/Mod_xml_curl
https://wiki.freeswitch.org/wiki/Event_Socket,Event_Socket,https://70.169.193.216/wiki/Event_Socket
https://wiki.freeswitch.org/wiki/Mod_xml_cdr,Mod_xml_cdr,https://70.169.193.216/wiki/Mod_xml_cdr
https://wiki.freeswitch.org/wiki/Documentation/Developer_Documentation,Documentation/Developer_Documentation,https://70.169.193.216/wiki/Documentation/Developer_Documentation
https://wiki.freeswitch.org/wiki/FreeTDM,FreeTDM,https://70.169.193.216/wiki/FreeTDM
https://wiki.freeswitch.org/wiki/Freeswitch_XML-RPC,Freeswitch_XML-RPC,https://70.169.193.216/wiki/Freeswitch_XML-RPC
https://wiki.freeswitch.org/wiki/Mod_xml_curl_PHP_example,Mod_xml_curl_PHP_example,https://70.169.193.216/wiki/Mod_xml_curl_PHP_example
https://wiki.freeswitch.org/wiki/Multiple_Servers_in_Irssi,Multiple_Servers_in_Irssi,https://70.169.193.216/wiki/Multiple_Servers_in_Irssi
https://wiki.freeswitch.org/wiki/API_sofia_count_reg,API_sofia_count_reg,https://70.169.193.216/wiki/API_sofia_count_reg
https://wiki.freeswitch.org/wiki/FsAir,FsAir,https://70.169.193.216/wiki/FsAir
https://wiki.freeswitch.org/wiki/Misc._Dialplan_Tools_soft_hold,Misc._Dialplan_Tools_soft_hold,https://70.169.193.216/wiki/Misc._Dialplan_Tools_soft_hold
https://wiki.freeswitch.org/wiki/Mod_file_string,Mod_file_string,https://70.169.193.216/wiki/Mod_file_string
https://wiki.freeswitch.org/wiki/Misc._Dialplan_Tools_sound_test,Misc._Dialplan_Tools_sound_test,https://70.169.193.216/wiki/Misc._Dialplan_Tools_sound_test
https://wiki.freeswitch.org/wiki/Mod_lua/Serving_Configuration,Mod_lua/Serving_Configuration,https://70.169.193.216/wiki/Mod_lua/Serving_Configuration
https://wiki.freeswitch.org/wiki/Channel_Variables,Channel_Variables,https://70.169.193.216/wiki/Channel_Variables
https://wiki.freeswitch.org/wiki/Mod_xml_curl_Ramaze/Sequel_groups_example,Mod_xml_curl_Ramaze/Sequel_groups_example,https://70.169.193.216/wiki/Mod_xml_curl_Ramaze/Sequel_groups_example
https://wiki.freeswitch.org/wiki/Debugging_Event_Socket_Message,Debugging_Event_Socket_Message,https://70.169.193.216/wiki/Debugging_Event_Socket_Message
https://wiki.freeswitch.org/wiki/File_string,File_string,https://70.169.193.216/wiki/File_string
https://wiki.freeswitch.org/wiki/Mod_lua/Example_dialplan,Mod_lua/Example_dialplan,https://70.169.193.216/wiki/Mod_lua/Example_dialplan
https://wiki.freeswitch.org/wiki/FreeTDM_OpenR2,FreeTDM_OpenR2,https://70.169.193.216/wiki/FreeTDM_OpenR2
https://wiki.freeswitch.org/wiki/Debugging_Freeswitch,Debugging_Freeswitch,https://70.169.193.216/wiki/Debugging_Freeswitch
https://wiki.freeswitch.org/wiki/Freetdm.conf_Examples,Freetdm.conf_Examples,https://70.169.193.216/wiki/Freetdm.conf_Examples
https://wiki.freeswitch.org/wiki/Java_ESL_Client,Java_ESL_Client,https://70.169.193.216/wiki/Java_ESL_Client
https://wiki.freeswitch.org/wiki/Mp3,Mp3,https://70.169.193.216/wiki/Mp3
https://wiki.freeswitch.org/wiki/Languages_for_Call_Control,Languages_for_Call_Control,https://70.169.193.216/wiki/Languages_for_Call_Control
https://wiki.freeswitch.org/wiki/FreeSwitch_Dependencies,FreeSwitch_Dependencies,https://70.169.193.216/wiki/FreeSwitch_Dependencies
https://wiki.freeswitch.org/wiki/OpenZap,OpenZap,https://70.169.193.216/wiki/OpenZap
https://wiki.freeswitch.org/wiki/Mod_xml_rpc,Mod_xml_rpc,https://70.169.193.216/wiki/Mod_xml_rpc
https://wiki.freeswitch.org/wiki/Git_Install,Git_Install,https://70.169.193.216/wiki/Git_Install
https://wiki.freeswitch.org/wiki/Playing_recording_external_media,Playing_recording_external_media,https://70.169.193.216/wiki/Playing_recording_external_media
https://wiki.freeswitch.org/wiki/FileIO,FileIO,https://70.169.193.216/wiki/FileIO
https://wiki.freeswitch.org/wiki/Phrase_API,Phrase_API,https://70.169.193.216/wiki/Phrase_API
https://wiki.freeswitch.org/wiki/Git_Tips,Git_Tips,https://70.169.193.216/wiki/Git_Tips
https://wiki.freeswitch.org/wiki/Packet_Capture,Packet_Capture,https://70.169.193.216/wiki/Packet_Capture
https://wiki.freeswitch.org/wiki/Configuration_OpenZAP-_DigiumTDM400P_Example,Configuration_OpenZAP-_DigiumTDM400P_Example,https://70.169.193.216/wiki/Configuration_OpenZAP-_DigiumTDM400P_Example
https://wiki.freeswitch.org/wiki/Openzap.sangoma.libpri,Openzap.sangoma.libpri,https://70.169.193.216/wiki/Openzap.sangoma.libpri
https://wiki.freeswitch.org/wiki/Webapi,Webapi,https://70.169.193.216/wiki/Webapi
https://wiki.freeswitch.org/wiki/Misc_Destinations,Misc_Destinations,https://70.169.193.216/wiki/Misc_Destinations
https://wiki.freeswitch.org/wiki/XML_Switch_Configuration,XML_Switch_Configuration,https://70.169.193.216/wiki/XML_Switch_Configuration
https://wiki.freeswitch.org/wiki/Park_&_Retrieve,Park_&_Retrieve,https://70.169.193.216/wiki/Park_&_Retrieve
https://wiki.freeswitch.org/wiki/Javascript_FileIO_path,Javascript_FileIO_path,https://70.169.193.216/wiki/Javascript_FileIO_path
https://wiki.freeswitch.org/wiki/Configuration_OpenZap-DigiumTE220-Example,Configuration_OpenZap-DigiumTE220-Example,https://70.169.193.216/wiki/Configuration_OpenZap-DigiumTE220-Example
https://wiki.freeswitch.org/wiki/Rosetta_Stone,Rosetta_Stone,https://70.169.193.216/wiki/Rosetta_Stone
https://wiki.freeswitch.org/wiki/V1.2_Download_&_Installation_Guide,V1.2_Download_&_Installation_Guide,https://70.169.193.216/wiki/V1.2_Download_&_Installation_Guide
https://wiki.freeswitch.org/wiki/Installation_on_OS_X_Alternatives,Installation_on_OS_X_Alternatives,https://70.169.193.216/wiki/Installation_on_OS_X_Alternatives
https://wiki.freeswitch.org/wiki/Javascript_Session_Speak,Javascript_Session_Speak,https://70.169.193.216/wiki/Javascript_Session_Speak
https://wiki.freeswitch.org/wiki/Mod_flite,Mod_flite,https://70.169.193.216/wiki/Mod_flite
https://wiki.freeswitch.org/wiki/Mod_shout,Mod_shout,https://70.169.193.216/wiki/Mod_shout
https://wiki.freeswitch.org/wiki/Mod_tts_commandline,Mod_tts_commandline,https://70.169.193.216/wiki/Mod_tts_commandline
https://wiki.freeswitch.org/wiki/Mod_cepstral,Mod_cepstral,https://70.169.193.216/wiki/Mod_cepstral
https://wiki.freeswitch.org/wiki/RTP_Issues,RTP_Issues,https://70.169.193.216/wiki/RTP_Issues
https://wiki.freeswitch.org/wiki/Default_Configuration,Default_Configuration,https://70.169.193.216/wiki/Default_Configuration
https://wiki.freeswitch.org/wiki/Mod_unimrcp,Mod_unimrcp,https://70.169.193.216/wiki/Mod_unimrcp
https://wiki.freeswitch.org/wiki/ODBC.query,ODBC.query,https://70.169.193.216/wiki/ODBC.query
https://wiki.freeswitch.org/wiki/No-Media_Mode_(SDP_pass_through)_Example,No-Media_Mode_(SDP_pass_through)_Example,https://70.169.193.216/wiki/No-Media_Mode_(SDP_pass_through)_Example
https://wiki.freeswitch.org/wiki/ODBC.nextRow,ODBC.nextRow,https://70.169.193.216/wiki/ODBC.nextRow
https://wiki.freeswitch.org/wiki/ODBC.getData,ODBC.getData,https://70.169.193.216/wiki/ODBC.getData
https://wiki.freeswitch.org/wiki/Installation_on_OS_X_10.6_Snow_Leopard,Installation_on_OS_X_10.6_Snow_Leopard,https://70.169.193.216/wiki/Installation_on_OS_X_10.6_Snow_Leopard
https://wiki.freeswitch.org/wiki/Installation_on_OS_X_10.8_Mountain_Lion,Installation_on_OS_X_10.8_Mountain_Lion,https://70.169.193.216/wiki/Installation_on_OS_X_10.8_Mountain_Lion
https://wiki.freeswitch.org/wiki/Mod_dingaling,Mod_dingaling,https://70.169.193.216/wiki/Mod_dingaling
https://wiki.freeswitch.org/wiki/MailNoAnswer,MailNoAnswer,https://70.169.193.216/wiki/MailNoAnswer
https://wiki.freeswitch.org/wiki/Extension_Status_Example,Extension_Status_Example,https://70.169.193.216/wiki/Extension_Status_Example
https://wiki.freeswitch.org/wiki/Home_PBX_Example,Home_PBX_Example,https://70.169.193.216/wiki/Home_PBX_Example
https://wiki.freeswitch.org/wiki/Installation_on_OS_X_10.7_Lion,Installation_on_OS_X_10.7_Lion,https://70.169.193.216/wiki/Installation_on_OS_X_10.7_Lion
https://wiki.freeswitch.org/wiki/Mod_vmd,Mod_vmd,https://70.169.193.216/wiki/Mod_vmd
https://wiki.freeswitch.org/wiki/Mod_vlc,Mod_vlc,https://70.169.193.216/wiki/Mod_vlc
https://wiki.freeswitch.org/wiki/Build_mod_shout,Build_mod_shout,https://70.169.193.216/wiki/Build_mod_shout
https://wiki.freeswitch.org/wiki/Mod_voicemail_ivr,Mod_voicemail_ivr,https://70.169.193.216/wiki/Mod_voicemail_ivr
https://wiki.freeswitch.org/wiki/Ixemel_MSVS_project_example,Ixemel_MSVS_project_example,https://70.169.193.216/wiki/Ixemel_MSVS_project_example
https://wiki.freeswitch.org/wiki/Mod_stress,Mod_stress,https://70.169.193.216/wiki/Mod_stress
https://wiki.freeswitch.org/wiki/Hangup_causes,Hangup_causes,https://70.169.193.216/wiki/Hangup_causes
https://wiki.freeswitch.org/wiki/Google_Voice,Google_Voice,https://70.169.193.216/wiki/Google_Voice
https://wiki.freeswitch.org/wiki/Mod_timerfd,Mod_timerfd,https://70.169.193.216/wiki/Mod_timerfd
https://wiki.freeswitch.org/wiki/ASR,ASR,https://70.169.193.216/wiki/ASR
https://wiki.freeswitch.org/wiki/CURL,CURL,https://70.169.193.216/wiki/CURL
https://wiki.freeswitch.org/wiki/Misc_Javascript_functions,Misc_Javascript_functions,https://70.169.193.216/wiki/Misc_Javascript_functions
https://wiki.freeswitch.org/wiki/ODBC,ODBC,https://70.169.193.216/wiki/ODBC
https://wiki.freeswitch.org/wiki/DB,DB,https://70.169.193.216/wiki/DB
https://wiki.freeswitch.org/wiki/Mod_php,Mod_php,https://70.169.193.216/wiki/Mod_php
https://wiki.freeswitch.org/wiki/Mod_ruby,Mod_ruby,https://70.169.193.216/wiki/Mod_ruby
https://wiki.freeswitch.org/wiki/NAT,NAT,https://70.169.193.216/wiki/NAT
https://wiki.freeswitch.org/wiki/Iksemel_MSVS_project_example,Iksemel_MSVS_project_example,https://70.169.193.216/wiki/Iksemel_MSVS_project_example
https://wiki.freeswitch.org/wiki/Java_ESL,Java_ESL,https://70.169.193.216/wiki/Java_ESL
https://wiki.freeswitch.org/wiki/Google_Voice_API,Google_Voice_API,https://70.169.193.216/wiki/Google_Voice_API
https://wiki.freeswitch.org/wiki/Mod_mono,Mod_mono,https://70.169.193.216/wiki/Mod_mono
https://wiki.freeswitch.org/wiki/Mod_java,Mod_java,https://70.169.193.216/wiki/Mod_java
https://wiki.freeswitch.org/wiki/FetchURLFile,FetchURLFile,https://70.169.193.216/wiki/FetchURLFile
https://wiki.freeswitch.org/wiki/Javascript_FileIO_data,Javascript_FileIO_data,https://70.169.193.216/wiki/Javascript_FileIO_data
https://wiki.freeswitch.org/wiki/Javascript_Session_SayPhrase,Javascript_Session_SayPhrase,https://70.169.193.216/wiki/Javascript_Session_SayPhrase
https://wiki.freeswitch.org/wiki/GetGlobalVar,GetGlobalVar,https://70.169.193.216/wiki/GetGlobalVar
https://wiki.freeswitch.org/wiki/Javascript_DB_Path,Javascript_DB_Path,https://70.169.193.216/wiki/Javascript_DB_Path
https://wiki.freeswitch.org/wiki/PHP_ESL,PHP_ESL,https://70.169.193.216/wiki/PHP_ESL
https://wiki.freeswitch.org/wiki/ACL,ACL,https://70.169.193.216/wiki/ACL
https://wiki.freeswitch.org/wiki/External_profile,External_profile,https://70.169.193.216/wiki/External_profile
https://wiki.freeswitch.org/wiki/Auto_NAT,Auto_NAT,https://70.169.193.216/wiki/Auto_NAT
https://wiki.freeswitch.org/wiki/Event_Socket_Library,Event_Socket_Library,https://70.169.193.216/wiki/Event_Socket_Library
https://wiki.freeswitch.org/wiki/Mod_event_socket_dotnet,Mod_event_socket_dotnet,https://70.169.193.216/wiki/Mod_event_socket_dotnet
https://wiki.freeswitch.org/wiki/NAT_Traversal,NAT_Traversal,https://70.169.193.216/wiki/NAT_Traversal
https://wiki.freeswitch.org/wiki/Bkw_nat_transcript,Bkw_nat_transcript,https://70.169.193.216/wiki/Bkw_nat_transcript
https://wiki.freeswitch.org/wiki/Javascript_DB_Close,Javascript_DB_Close,https://70.169.193.216/wiki/Javascript_DB_Close
https://wiki.freeswitch.org/wiki/PHP_Event_Socket,PHP_Event_Socket,https://70.169.193.216/wiki/PHP_Event_Socket
https://wiki.freeswitch.org/wiki/Javascript_DB_Prepare,Javascript_DB_Prepare,https://70.169.193.216/wiki/Javascript_DB_Prepare
https://wiki.freeswitch.org/wiki/GetGlobalVariable,GetGlobalVariable,https://70.169.193.216/wiki/GetGlobalVariable
https://wiki.freeswitch.org/wiki/FreeSWITCH_databases,FreeSWITCH_databases,https://70.169.193.216/wiki/FreeSWITCH_databases
https://wiki.freeswitch.org/wiki/Data_source_name,Data_source_name,https://70.169.193.216/wiki/Data_source_name
https://wiki.freeswitch.org/wiki/QoS,QoS,https://70.169.193.216/wiki/QoS
https://wiki.freeswitch.org/wiki/General_NAT_example_scenarios,General_NAT_example_scenarios,https://70.169.193.216/wiki/General_NAT_example_scenarios
https://wiki.freeswitch.org/wiki/PostgreSQL_in_the_core,PostgreSQL_in_the_core,https://70.169.193.216/wiki/PostgreSQL_in_the_core
https://wiki.freeswitch.org/wiki/Ruby_ESL,Ruby_ESL,https://70.169.193.216/wiki/Ruby_ESL
https://wiki.freeswitch.org/wiki/ODBC_DSN,ODBC_DSN,https://70.169.193.216/wiki/ODBC_DSN
https://wiki.freeswitch.org/wiki/Python_ESL,Python_ESL,https://70.169.193.216/wiki/Python_ESL
https://wiki.freeswitch.org/wiki/Natted_Softphone_ATA,Natted_Softphone_ATA,https://70.169.193.216/wiki/Natted_Softphone_ATA
https://wiki.freeswitch.org/wiki/ALG,ALG,https://70.169.193.216/wiki/ALG
https://wiki.freeswitch.org/wiki/Perl_ESL,Perl_ESL,https://70.169.193.216/wiki/Perl_ESL
https://wiki.freeswitch.org/wiki/DB_Prepare,DB_Prepare,https://70.169.193.216/wiki/DB_Prepare
https://wiki.freeswitch.org/wiki/Email2callback,Email2callback,https://70.169.193.216/wiki/Email2callback
https://wiki.freeswitch.org/wiki/Event_socket_outbound,Event_socket_outbound,https://70.169.193.216/wiki/Event_socket_outbound
https://wiki.freeswitch.org/wiki/Acl.conf.xml,Acl.conf.xml,https://70.169.193.216/wiki/Acl.conf.xml
https://wiki.freeswitch.org/wiki/Perl_event_socket_client,Perl_event_socket_client,https://70.169.193.216/wiki/Perl_event_socket_client
https://wiki.freeswitch.org/wiki/Lcr.conf.xml,Lcr.conf.xml,https://70.169.193.216/wiki/Lcr.conf.xml
https://wiki.freeswitch.org/wiki/Javascript_DB_Fetch,Javascript_DB_Fetch,https://70.169.193.216/wiki/Javascript_DB_Fetch
https://wiki.freeswitch.org/wiki/Global_Variable_local_ip_v4,Global_Variable_local_ip_v4,https://70.169.193.216/wiki/Global_Variable_local_ip_v4
https://wiki.freeswitch.org/wiki/Javascript_DB_Next,Javascript_DB_Next,https://70.169.193.216/wiki/Javascript_DB_Next
https://wiki.freeswitch.org/wiki/Javascript_DB_Exec,Javascript_DB_Exec,https://70.169.193.216/wiki/Javascript_DB_Exec
https://wiki.freeswitch.org/wiki/ODBC.close,ODBC.close,https://70.169.193.216/wiki/ODBC.close
https://wiki.freeswitch.org/wiki/ODBC.execute,ODBC.execute,https://70.169.193.216/wiki/ODBC.execute
https://wiki.freeswitch.org/wiki/ODBC.connect,ODBC.connect,https://70.169.193.216/wiki/ODBC.connect
https://wiki.freeswitch.org/wiki/ODBC.exec,ODBC.exec,https://70.169.193.216/wiki/ODBC.exec
https://wiki.freeswitch.org/wiki/ODBC_Example,ODBC_Example,https://70.169.193.216/wiki/ODBC_Example
https://wiki.freeswitch.org/wiki/ESL,ESL,https://70.169.193.216/wiki/ESL
https://wiki.freeswitch.org/wiki/Javascript_Misc_system,Javascript_Misc_system,https://70.169.193.216/wiki/Javascript_Misc_system
https://wiki.freeswitch.org/wiki/Javascript_Misc_include,Javascript_Misc_include,https://70.169.193.216/wiki/Javascript_Misc_include
https://wiki.freeswitch.org/wiki/Javascript_Misc_FileDelete,Javascript_Misc_FileDelete,https://70.169.193.216/wiki/Javascript_Misc_FileDelete
https://wiki.freeswitch.org/wiki/Perl_freeswitch_client_example,Perl_freeswitch_client_example,https://70.169.193.216/wiki/Perl_freeswitch_client_example
https://wiki.freeswitch.org/wiki/Javascript_Misc_email,Javascript_Misc_email,https://70.169.193.216/wiki/Javascript_Misc_email
https://wiki.freeswitch.org/wiki/DB_fetch,DB_fetch,https://70.169.193.216/wiki/DB_fetch
https://wiki.freeswitch.org/wiki/DB_exec,DB_exec,https://70.169.193.216/wiki/DB_exec
https://wiki.freeswitch.org/wiki/DB_next,DB_next,https://70.169.193.216/wiki/DB_next
https://wiki.freeswitch.org/wiki/Javascript_Misc_console_log,Javascript_Misc_console_log,https://70.169.193.216/wiki/Javascript_Misc_console_log
https://wiki.freeswitch.org/wiki/Javascript_Misc_bridge,Javascript_Misc_bridge,https://70.169.193.216/wiki/Javascript_Misc_bridge
https://wiki.freeswitch.org/wiki/ApiExecute,ApiExecute,https://70.169.193.216/wiki/ApiExecute
https://wiki.freeswitch.org/wiki/FetchURLHash,FetchURLHash,https://70.169.193.216/wiki/FetchURLHash
https://wiki.freeswitch.org/wiki/Javascript_FileIO_read,Javascript_FileIO_read,https://70.169.193.216/wiki/Javascript_FileIO_read
https://wiki.freeswitch.org/wiki/File.open,File.open,https://70.169.193.216/wiki/File.open
https://wiki.freeswitch.org/wiki/Javascript_FileIO_write,Javascript_FileIO_write,https://70.169.193.216/wiki/Javascript_FileIO_write
https://wiki.freeswitch.org/wiki/FetchUrl,FetchUrl,https://70.169.193.216/wiki/FetchUrl
https://wiki.freeswitch.org/wiki/Run,Run,https://70.169.193.216/wiki/Run
https://wiki.freeswitch.org/wiki/File,File,https://70.169.193.216/wiki/File
https://wiki.freeswitch.org/wiki/Mod_perl,Mod_perl,https://70.169.193.216/wiki/Mod_perl
https://wiki.freeswitch.org/wiki/Perl_Text_to_Speech_Example,Perl_Text_to_Speech_Example,https://70.169.193.216/wiki/Perl_Text_to_Speech_Example
https://wiki.freeswitch.org/wiki/Perl_Play_WAV_Example,Perl_Play_WAV_Example,https://70.169.193.216/wiki/Perl_Play_WAV_Example
https://wiki.freeswitch.org/wiki/Perl_LDAP_Lookup_example,Perl_LDAP_Lookup_example,https://70.169.193.216/wiki/Perl_LDAP_Lookup_example
https://wiki.freeswitch.org/wiki/Perl_DialPlan_Executor_Example,Perl_DialPlan_Executor_Example,https://70.169.193.216/wiki/Perl_DialPlan_Executor_Example
https://wiki.freeswitch.org/wiki/Perl_Console_IVR_Example,Perl_Console_IVR_Example,https://70.169.193.216/wiki/Perl_Console_IVR_Example
https://wiki.freeswitch.org/wiki/Perl_DialPlan_Executor_Example_2,Perl_DialPlan_Executor_Example_2,https://70.169.193.216/wiki/Perl_DialPlan_Executor_Example_2
https://wiki.freeswitch.org/wiki/Mod_perl_Rosetta,Mod_perl_Rosetta,https://70.169.193.216/wiki/Mod_perl_Rosetta
https://wiki.freeswitch.org/wiki/Command_reference,Command_reference,https://70.169.193.216/wiki/Command_reference
https://wiki.freeswitch.org/wiki/Mod_perl_and_Programming_for_Standard_Execution,Mod_perl_and_Programming_for_Standard_Execution,https://70.169.193.216/wiki/Mod_perl_and_Programming_for_Standard_Execution
https://wiki.freeswitch.org/wiki/Dial_Plan_Action_Perl_Example,Dial_Plan_Action_Perl_Example,https://70.169.193.216/wiki/Dial_Plan_Action_Perl_Example
https://wiki.freeswitch.org/wiki/Converting_Asterisk_Dialplans_to_FreeSWITCH,Converting_Asterisk_Dialplans_to_FreeSWITCH,https://70.169.193.216/wiki/Converting_Asterisk_Dialplans_to_FreeSWITCH
https://wiki.freeswitch.org/wiki/Javascript_File_output,Javascript_File_output,https://70.169.193.216/wiki/Javascript_File_output
https://wiki.freeswitch.org/wiki/Converting_Asterisk_to_FreeSWITCH,Converting_Asterisk_to_FreeSWITCH,https://70.169.193.216/wiki/Converting_Asterisk_to_FreeSWITCH
https://wiki.freeswitch.org/wiki/FreeSwitch_Scheduler_API,FreeSwitch_Scheduler_API,https://70.169.193.216/wiki/FreeSwitch_Scheduler_API
https://wiki.freeswitch.org/wiki/Mod_perl_and_Generating_XML,Mod_perl_and_Generating_XML,https://70.169.193.216/wiki/Mod_perl_and_Generating_XML
https://wiki.freeswitch.org/wiki/Javascript_File_isNative,Javascript_File_isNative,https://70.169.193.216/wiki/Javascript_File_isNative
https://wiki.freeswitch.org/wiki/Enum_/_e164_VoIP_CNAM_Dips,Enum_/_e164_VoIP_CNAM_Dips,https://70.169.193.216/wiki/Enum_/_e164_VoIP_CNAM_Dips
https://wiki.freeswitch.org/wiki/Which_scripting_language_should_I_use%3F,Which_scripting_language_should_I_use%3F,https://70.169.193.216/wiki/Which_scripting_language_should_I_use%3F
https://wiki.freeswitch.org/wiki/Mod_perl_Hangup_Hook,Mod_perl_Hangup_Hook,https://70.169.193.216/wiki/Mod_perl_Hangup_Hook
https://wiki.freeswitch.org/wiki/Mod_perl_functions_and_classes,Mod_perl_functions_and_classes,https://70.169.193.216/wiki/Mod_perl_functions_and_classes
https://wiki.freeswitch.org/wiki/Javascript_File_position,Javascript_File_position,https://70.169.193.216/wiki/Javascript_File_position
https://wiki.freeswitch.org/wiki/Javascript_File_hasAutoFlush,Javascript_File_hasAutoFlush,https://70.169.193.216/wiki/Javascript_File_hasAutoFlush
https://wiki.freeswitch.org/wiki/Javascript_File_hasRandomAccess,Javascript_File_hasRandomAccess,https://70.169.193.216/wiki/Javascript_File_hasRandomAccess
https://wiki.freeswitch.org/wiki/Javascript_File_lastModified,Javascript_File_lastModified,https://70.169.193.216/wiki/Javascript_File_lastModified
https://wiki.freeswitch.org/wiki/Javascript_File_size,Javascript_File_size,https://70.169.193.216/wiki/Javascript_File_size
https://wiki.freeswitch.org/wiki/Dialplan_Action_Perl_Example,Dialplan_Action_Perl_Example,https://70.169.193.216/wiki/Dialplan_Action_Perl_Example
https://wiki.freeswitch.org/wiki/Perl_Live_Session_Intercept_IVR_Example,Perl_Live_Session_Intercept_IVR_Example,https://70.169.193.216/wiki/Perl_Live_Session_Intercept_IVR_Example
https://wiki.freeswitch.org/wiki/Javascript_File_creationTime,Javascript_File_creationTime,https://70.169.193.216/wiki/Javascript_File_creationTime
https://wiki.freeswitch.org/wiki/Javascript_File_mode,Javascript_File_mode,https://70.169.193.216/wiki/Javascript_File_mode
https://wiki.freeswitch.org/wiki/Make_API_calls_directly_from_Lua_code,Make_API_calls_directly_from_Lua_code,https://70.169.193.216/wiki/Make_API_calls_directly_from_Lua_code
https://wiki.freeswitch.org/wiki/Javascript_File_type,Javascript_File_type,https://70.169.193.216/wiki/Javascript_File_type
https://wiki.freeswitch.org/wiki/Javascript_File_isOpen,Javascript_File_isOpen,https://70.169.193.216/wiki/Javascript_File_isOpen
https://wiki.freeswitch.org/wiki/Javascript_File_canReplace,Javascript_File_canReplace,https://70.169.193.216/wiki/Javascript_File_canReplace
https://wiki.freeswitch.org/wiki/Javascript_File_canRead,Javascript_File_canRead,https://70.169.193.216/wiki/Javascript_File_canRead
https://wiki.freeswitch.org/wiki/Javascript_File_canAppend,Javascript_File_canAppend,https://70.169.193.216/wiki/Javascript_File_canAppend
https://wiki.freeswitch.org/wiki/Javascript_File_canWrite,Javascript_File_canWrite,https://70.169.193.216/wiki/Javascript_File_canWrite
https://wiki.freeswitch.org/wiki/Javascript_File_exists,Javascript_File_exists,https://70.169.193.216/wiki/Javascript_File_exists
https://wiki.freeswitch.org/wiki/Javascript_File_name,Javascript_File_name,https://70.169.193.216/wiki/Javascript_File_name
https://wiki.freeswitch.org/wiki/Javascript_File_isDirectory,Javascript_File_isDirectory,https://70.169.193.216/wiki/Javascript_File_isDirectory
https://wiki.freeswitch.org/wiki/Javascript_File_path,Javascript_File_path,https://70.169.193.216/wiki/Javascript_File_path
https://wiki.freeswitch.org/wiki/Javascript_File_input,Javascript_File_input,https://70.169.193.216/wiki/Javascript_File_input
https://wiki.freeswitch.org/wiki/Javascript_File_isFile,Javascript_File_isFile,https://70.169.193.216/wiki/Javascript_File_isFile
https://wiki.freeswitch.org/wiki/Javascript_File_error,Javascript_File_error,https://70.169.193.216/wiki/Javascript_File_error
https://wiki.freeswitch.org/wiki/Javascript_File_parent,Javascript_File_parent,https://70.169.193.216/wiki/Javascript_File_parent
https://wiki.freeswitch.org/wiki/Fakecall_responder,Fakecall_responder,https://70.169.193.216/wiki/Fakecall_responder
https://wiki.freeswitch.org/wiki/Lua_MythTV_alert_example,Lua_MythTV_alert_example,https://70.169.193.216/wiki/Lua_MythTV_alert_example
https://wiki.freeswitch.org/wiki/IVR,IVR,https://70.169.193.216/wiki/IVR
https://wiki.freeswitch.org/wiki/Javascript_File_length,Javascript_File_length,https://70.169.193.216/wiki/Javascript_File_length
https://wiki.freeswitch.org/wiki/Javascript_File_toURL,Javascript_File_toURL,https://70.169.193.216/wiki/Javascript_File_toURL
https://wiki.freeswitch.org/wiki/File.exists,File.exists,https://70.169.193.216/wiki/File.exists
https://wiki.freeswitch.org/wiki/Javascript_File_mkdir,Javascript_File_mkdir,https://70.169.193.216/wiki/Javascript_File_mkdir
https://wiki.freeswitch.org/wiki/Javascript_File_toString,Javascript_File_toString,https://70.169.193.216/wiki/Javascript_File_toString
https://wiki.freeswitch.org/wiki/Javascript_File_list,Javascript_File_list,https://70.169.193.216/wiki/Javascript_File_list
https://wiki.freeswitch.org/wiki/Javascript_File_write,Javascript_File_write,https://70.169.193.216/wiki/Javascript_File_write
https://wiki.freeswitch.org/wiki/Javascript_File_writeAll,Javascript_File_writeAll,https://70.169.193.216/wiki/Javascript_File_writeAll
https://wiki.freeswitch.org/wiki/Javascript_File_writeln,Javascript_File_writeln,https://70.169.193.216/wiki/Javascript_File_writeln
https://wiki.freeswitch.org/wiki/Javascript_File_readln,Javascript_File_readln,https://70.169.193.216/wiki/Javascript_File_readln
https://wiki.freeswitch.org/wiki/Javascript_File_readAll,Javascript_File_readAll,https://70.169.193.216/wiki/Javascript_File_readAll
https://wiki.freeswitch.org/wiki/Javascript_File_read,Javascript_File_read,https://70.169.193.216/wiki/Javascript_File_read
https://wiki.freeswitch.org/wiki/Javascript_File_seek,Javascript_File_seek,https://70.169.193.216/wiki/Javascript_File_seek
https://wiki.freeswitch.org/wiki/Examples_db_agent_login_lua,Examples_db_agent_login_lua,https://70.169.193.216/wiki/Examples_db_agent_login_lua
https://wiki.freeswitch.org/wiki/Examples_directory_py,Examples_directory_py,https://70.169.193.216/wiki/Examples_directory_py
https://wiki.freeswitch.org/wiki/Examples_frontdoor_py,Examples_frontdoor_py,https://70.169.193.216/wiki/Examples_frontdoor_py
https://wiki.freeswitch.org/wiki/JavaScript_Example_afterhoursivr.js,JavaScript_Example_afterhoursivr.js,https://70.169.193.216/wiki/JavaScript_Example_afterhoursivr.js
https://wiki.freeswitch.org/wiki/Examples_dbivrmenu_js,Examples_dbivrmenu_js,https://70.169.193.216/wiki/Examples_dbivrmenu_js
https://wiki.freeswitch.org/wiki/Javascript_File_flush,Javascript_File_flush,https://70.169.193.216/wiki/Javascript_File_flush
https://wiki.freeswitch.org/wiki/Examples_dbivrmenu_dbcreate_js,Examples_dbivrmenu_dbcreate_js,https://70.169.193.216/wiki/Examples_dbivrmenu_dbcreate_js
https://wiki.freeswitch.org/wiki/Javascript_Examples,Javascript_Examples,https://70.169.193.216/wiki/Javascript_Examples
https://wiki.freeswitch.org/wiki/Freeswitch_IVR_Originate,Freeswitch_IVR_Originate,https://70.169.193.216/wiki/Freeswitch_IVR_Originate
https://wiki.freeswitch.org/wiki/Examples_directory_lua_asr_tts,Examples_directory_lua_asr_tts,https://70.169.193.216/wiki/Examples_directory_lua_asr_tts
https://wiki.freeswitch.org/wiki/Examples_directory_lua,Examples_directory_lua,https://70.169.193.216/wiki/Examples_directory_lua
https://wiki.freeswitch.org/wiki/Demo-ivr.xml,Demo-ivr.xml,https://70.169.193.216/wiki/Demo-ivr.xml
https://wiki.freeswitch.org/wiki/Javascript_QuickStart,Javascript_QuickStart,https://70.169.193.216/wiki/Javascript_QuickStart
https://wiki.freeswitch.org/wiki/JavaScript_Examples_Flite,JavaScript_Examples_Flite,https://70.169.193.216/wiki/JavaScript_Examples_Flite
https://wiki.freeswitch.org/wiki/JavaScript_Examples_promptfordigts_js,JavaScript_Examples_promptfordigts_js,https://70.169.193.216/wiki/JavaScript_Examples_promptfordigts_js
https://wiki.freeswitch.org/wiki/Demo_ivr.xml,Demo_ivr.xml,https://70.169.193.216/wiki/Demo_ivr.xml
https://wiki.freeswitch.org/wiki/FreeSwitch_Javascript_Examples,FreeSwitch_Javascript_Examples,https://70.169.193.216/wiki/FreeSwitch_Javascript_Examples
https://wiki.freeswitch.org/wiki/Examples_simpleivr.js,Examples_simpleivr.js,https://70.169.193.216/wiki/Examples_simpleivr.js
https://wiki.freeswitch.org/wiki/JavaScript_Example_Intercom.js,JavaScript_Example_Intercom.js,https://70.169.193.216/wiki/JavaScript_Example_Intercom.js
https://wiki.freeswitch.org/wiki/Examples_testtones_js,Examples_testtones_js,https://70.169.193.216/wiki/Examples_testtones_js
https://wiki.freeswitch.org/wiki/Examples_promptfordigits_js,Examples_promptfordigits_js,https://70.169.193.216/wiki/Examples_promptfordigits_js
https://wiki.freeswitch.org/wiki/Examples_recordgreeting_js,Examples_recordgreeting_js,https://70.169.193.216/wiki/Examples_recordgreeting_js
https://wiki.freeswitch.org/wiki/Examples_ivrmenuofficehours_js,Examples_ivrmenuofficehours_js,https://70.169.193.216/wiki/Examples_ivrmenuofficehours_js
https://wiki.freeswitch.org/wiki/Examples_JavaScript_Conference_IVR,Examples_JavaScript_Conference_IVR,https://70.169.193.216/wiki/Examples_JavaScript_Conference_IVR
https://wiki.freeswitch.org/wiki/Examples_ivrmenu_js,Examples_ivrmenu_js,https://70.169.193.216/wiki/Examples_ivrmenu_js
https://wiki.freeswitch.org/wiki/Examples_followme.js,Examples_followme.js,https://70.169.193.216/wiki/Examples_followme.js
https://wiki.freeswitch.org/wiki/Examples_disa.js,Examples_disa.js,https://70.169.193.216/wiki/Examples_disa.js
https://wiki.freeswitch.org/wiki/Examples_cidspoof_js,Examples_cidspoof_js,https://70.169.193.216/wiki/Examples_cidspoof_js
https://wiki.freeswitch.org/wiki/Conference_Dialer,Conference_Dialer,https://70.169.193.216/wiki/Conference_Dialer
https://wiki.freeswitch.org/wiki/Examples_CollectAccountNumber_js,Examples_CollectAccountNumber_js,https://70.169.193.216/wiki/Examples_CollectAccountNumber_js
https://wiki.freeswitch.org/wiki/Examples_dtmfcallback.js,Examples_dtmfcallback.js,https://70.169.193.216/wiki/Examples_dtmfcallback.js
https://wiki.freeswitch.org/wiki/Examples_confcall_js,Examples_confcall_js,https://70.169.193.216/wiki/Examples_confcall_js
https://wiki.freeswitch.org/wiki/Examples_answermachine,Examples_answermachine,https://70.169.193.216/wiki/Examples_answermachine
https://wiki.freeswitch.org/wiki/Conference_Control,Conference_Control,https://70.169.193.216/wiki/Conference_Control
https://wiki.freeswitch.org/wiki/Codec_Negotiation,Codec_Negotiation,https://70.169.193.216/wiki/Codec_Negotiation
https://wiki.freeswitch.org/wiki/Codecs,Codecs,https://70.169.193.216/wiki/Codecs
https://wiki.freeswitch.org/wiki/Mod_amr_wb,Mod_amr_wb,https://70.169.193.216/wiki/Mod_amr_wb
https://wiki.freeswitch.org/wiki/Proxy_media,Proxy_media,https://70.169.193.216/wiki/Proxy_media
https://wiki.freeswitch.org/wiki/Bypass_media,Bypass_media,https://70.169.193.216/wiki/Bypass_media
https://wiki.freeswitch.org/wiki/Conference_set_auto_outcall,Conference_set_auto_outcall,https://70.169.193.216/wiki/Conference_set_auto_outcall
https://wiki.freeswitch.org/wiki/Conferencing_and_Intercom,Conferencing_and_Intercom,https://70.169.193.216/wiki/Conferencing_and_Intercom
https://wiki.freeswitch.org/wiki/Early_Media,Early_Media,https://70.169.193.216/wiki/Early_Media
https://wiki.freeswitch.org/wiki/VAD_and_CNG,VAD_and_CNG,https://70.169.193.216/wiki/VAD_and_CNG
https://wiki.freeswitch.org/wiki/Javascript_File_renameTo,Javascript_File_renameTo,https://70.169.193.216/wiki/Javascript_File_renameTo
https://wiki.freeswitch.org/wiki/Javascript_File_copyTo,Javascript_File_copyTo,https://70.169.193.216/wiki/Javascript_File_copyTo
https://wiki.freeswitch.org/wiki/Javascript_File_close,Javascript_File_close,https://70.169.193.216/wiki/Javascript_File_close
https://wiki.freeswitch.org/wiki/Javascript_File_remove,Javascript_File_remove,https://70.169.193.216/wiki/Javascript_File_remove
https://wiki.freeswitch.org/wiki/Javascript_File_open,Javascript_File_open,https://70.169.193.216/wiki/Javascript_File_open
https://wiki.freeswitch.org/wiki/Polycom_Internal_Ring,Polycom_Internal_Ring,https://70.169.193.216/wiki/Polycom_Internal_Ring
https://wiki.freeswitch.org/wiki/Mod_syslog,Mod_syslog,https://70.169.193.216/wiki/Mod_syslog
https://wiki.freeswitch.org/wiki/Mod_spy,Mod_spy,https://70.169.193.216/wiki/Mod_spy
https://wiki.freeswitch.org/wiki/Mod_ssml,Mod_ssml,https://70.169.193.216/wiki/Mod_ssml
https://wiki.freeswitch.org/wiki/Misc._Dialplan_Tools_ivr,Misc._Dialplan_Tools_ivr,https://70.169.193.216/wiki/Misc._Dialplan_Tools_ivr
https://wiki.freeswitch.org/wiki/Ivrd,Ivrd,https://70.169.193.216/wiki/Ivrd
https://wiki.freeswitch.org/wiki/Mod_sonar,Mod_sonar,https://70.169.193.216/wiki/Mod_sonar
https://wiki.freeswitch.org/wiki/Mod_soundtouch,Mod_soundtouch,https://70.169.193.216/wiki/Mod_soundtouch
https://wiki.freeswitch.org/wiki/Mod_snapshot,Mod_snapshot,https://70.169.193.216/wiki/Mod_snapshot
https://wiki.freeswitch.org/wiki/Mod_snom,Mod_snom,https://70.169.193.216/wiki/Mod_snom
https://wiki.freeswitch.org/wiki/Mod_snmp,Mod_snmp,https://70.169.193.216/wiki/Mod_snmp
https://wiki.freeswitch.org/wiki/Mod_sms,Mod_sms,https://70.169.193.216/wiki/Mod_sms
https://wiki.freeswitch.org/wiki/Polycom_configuration,Polycom_configuration,https://70.169.193.216/wiki/Polycom_configuration
https://wiki.freeswitch.org/wiki/Mod_skypopen_Skype_Endpoint_and_Trunk,Mod_skypopen_Skype_Endpoint_and_Trunk,https://70.169.193.216/wiki/Mod_skypopen_Skype_Endpoint_and_Trunk
https://wiki.freeswitch.org/wiki/Mod_siren,Mod_siren,https://70.169.193.216/wiki/Mod_siren
https://wiki.freeswitch.org/wiki/Mod_shell_stream,Mod_shell_stream,https://70.169.193.216/wiki/Mod_shell_stream
https://wiki.freeswitch.org/wiki/Mod_sangoma_codec,Mod_sangoma_codec,https://70.169.193.216/wiki/Mod_sangoma_codec
https://wiki.freeswitch.org/wiki/Mod_rtmp,Mod_rtmp,https://70.169.193.216/wiki/Mod_rtmp
https://wiki.freeswitch.org/wiki/Mod_skinny,Mod_skinny,https://70.169.193.216/wiki/Mod_skinny
https://wiki.freeswitch.org/wiki/Mod_rss,Mod_rss,https://70.169.193.216/wiki/Mod_rss
https://wiki.freeswitch.org/wiki/Mod_redis,Mod_redis,https://70.169.193.216/wiki/Mod_redis
https://wiki.freeswitch.org/wiki/FreeSWITCH_OID,FreeSWITCH_OID,https://70.169.193.216/wiki/FreeSWITCH_OID
https://wiki.freeswitch.org/wiki/Mod_radius_cdr,Mod_radius_cdr,https://70.169.193.216/wiki/Mod_radius_cdr
https://wiki.freeswitch.org/wiki/Mod_rayo,Mod_rayo,https://70.169.193.216/wiki/Mod_rayo
https://wiki.freeswitch.org/wiki/Mod_posix_timer,Mod_posix_timer,https://70.169.193.216/wiki/Mod_posix_timer
https://wiki.freeswitch.org/wiki/Mod_rad_auth,Mod_rad_auth,https://70.169.193.216/wiki/Mod_rad_auth
https://wiki.freeswitch.org/wiki/Polycom_Corporate_Directory,Polycom_Corporate_Directory,https://70.169.193.216/wiki/Polycom_Corporate_Directory
https://wiki.freeswitch.org/wiki/RTMP_Configuration_Files,RTMP_Configuration_Files,https://70.169.193.216/wiki/RTMP_Configuration_Files
https://wiki.freeswitch.org/wiki/Polycom_Reset_Codes,Polycom_Reset_Codes,https://70.169.193.216/wiki/Polycom_Reset_Codes
https://wiki.freeswitch.org/wiki/Mod_pocketsphinx,Mod_pocketsphinx,https://70.169.193.216/wiki/Mod_pocketsphinx
https://wiki.freeswitch.org/wiki/Event_list,Event_list,https://70.169.193.216/wiki/Event_list
https://wiki.freeswitch.org/wiki/Polycom_Presence_Setup,Polycom_Presence_Setup,https://70.169.193.216/wiki/Polycom_Presence_Setup
https://wiki.freeswitch.org/wiki/Mod_osp,Mod_osp,https://70.169.193.216/wiki/Mod_osp
https://wiki.freeswitch.org/wiki/Mod_opal,Mod_opal,https://70.169.193.216/wiki/Mod_opal
https://wiki.freeswitch.org/wiki/Mod_skinny/skinny.schema,Mod_skinny/skinny.schema,https://70.169.193.216/wiki/Mod_skinny/skinny.schema
https://wiki.freeswitch.org/wiki/Misc._Dialplan_Tools_session_loglevel,Misc._Dialplan_Tools_session_loglevel,https://70.169.193.216/wiki/Misc._Dialplan_Tools_session_loglevel
https://wiki.freeswitch.org/wiki/Mod_nibblebill,Mod_nibblebill,https://70.169.193.216/wiki/Mod_nibblebill
https://wiki.freeswitch.org/wiki/Mod_skinny/Development,Mod_skinny/Development,https://70.169.193.216/wiki/Mod_skinny/Development
https://wiki.freeswitch.org/wiki/Mod_mongo,Mod_mongo,https://70.169.193.216/wiki/Mod_mongo
https://wiki.freeswitch.org/wiki/Mod_memcache,Mod_memcache,https://70.169.193.216/wiki/Mod_memcache
https://wiki.freeswitch.org/wiki/Mod_managed,Mod_managed,https://70.169.193.216/wiki/Mod_managed
https://wiki.freeswitch.org/wiki/Mod_ldap,Mod_ldap,https://70.169.193.216/wiki/Mod_ldap
https://wiki.freeswitch.org/wiki/Mod_ladspa,Mod_ladspa,https://70.169.193.216/wiki/Mod_ladspa
https://wiki.freeswitch.org/wiki/Mod_json_cdr,Mod_json_cdr,https://70.169.193.216/wiki/Mod_json_cdr
https://wiki.freeswitch.org/wiki/Mod_isac,Mod_isac,https://70.169.193.216/wiki/Mod_isac
https://wiki.freeswitch.org/wiki/Mod_lcr,Mod_lcr,https://70.169.193.216/wiki/Mod_lcr
https://wiki.freeswitch.org/wiki/PRESENCE_IN_event_example,PRESENCE_IN_event_example,https://70.169.193.216/wiki/PRESENCE_IN_event_example
https://wiki.freeswitch.org/wiki/Channel_States,Channel_States,https://70.169.193.216/wiki/Channel_States
https://wiki.freeswitch.org/wiki/Mod_event_multicast,Mod_event_multicast,https://70.169.193.216/wiki/Mod_event_multicast
https://wiki.freeswitch.org/wiki/Mod_httapi,Mod_httapi,https://70.169.193.216/wiki/Mod_httapi
https://wiki.freeswitch.org/wiki/Mod_fsk,Mod_fsk,https://70.169.193.216/wiki/Mod_fsk
https://wiki.freeswitch.org/wiki/Mod_h323,Mod_h323,https://70.169.193.216/wiki/Mod_h323
https://wiki.freeswitch.org/wiki/Mod_skinny/Development/Initial_Roadmap,Mod_skinny/Development/Initial_Roadmap,https://70.169.193.216/wiki/Mod_skinny/Development/Initial_Roadmap
https://wiki.freeswitch.org/wiki/Mod_http_cache,Mod_http_cache,https://70.169.193.216/wiki/Mod_http_cache
https://wiki.freeswitch.org/wiki/FreeSwitch_Enpoint_Portaudio,FreeSwitch_Enpoint_Portaudio,https://70.169.193.216/wiki/FreeSwitch_Enpoint_Portaudio
https://wiki.freeswitch.org/wiki/Mod_format_cdr,Mod_format_cdr,https://70.169.193.216/wiki/Mod_format_cdr
https://wiki.freeswitch.org/wiki/Mod_esl,Mod_esl,https://70.169.193.216/wiki/Mod_esl
https://wiki.freeswitch.org/wiki/Mod_easyroute,Mod_easyroute,https://70.169.193.216/wiki/Mod_easyroute
https://wiki.freeswitch.org/wiki/Mod_directory,Mod_directory,https://70.169.193.216/wiki/Mod_directory
https://wiki.freeswitch.org/wiki/Mod_curl,Mod_curl,https://70.169.193.216/wiki/Mod_curl
https://wiki.freeswitch.org/wiki/Mod_codec2,Mod_codec2,https://70.169.193.216/wiki/Mod_codec2
https://wiki.freeswitch.org/wiki/Mod_com_g729,Mod_com_g729,https://70.169.193.216/wiki/Mod_com_g729
https://wiki.freeswitch.org/wiki/Mod_celt,Mod_celt,https://70.169.193.216/wiki/Mod_celt
https://wiki.freeswitch.org/wiki/Mod_cdr_sqlite,Mod_cdr_sqlite,https://70.169.193.216/wiki/Mod_cdr_sqlite
https://wiki.freeswitch.org/wiki/Mod_cdr_pg_csv,Mod_cdr_pg_csv,https://70.169.193.216/wiki/Mod_cdr_pg_csv
https://wiki.freeswitch.org/wiki/Mod_cdr_mongodb,Mod_cdr_mongodb,https://70.169.193.216/wiki/Mod_cdr_mongodb
https://wiki.freeswitch.org/wiki/Mod_cidlookup,Mod_cidlookup,https://70.169.193.216/wiki/Mod_cidlookup
https://wiki.freeswitch.org/wiki/Mod_blacklist,Mod_blacklist,https://70.169.193.216/wiki/Mod_blacklist
https://wiki.freeswitch.org/wiki/Mod_avmd,Mod_avmd,https://70.169.193.216/wiki/Mod_avmd
https://wiki.freeswitch.org/wiki/Mod_abstraction,Mod_abstraction,https://70.169.193.216/wiki/Mod_abstraction
https://wiki.freeswitch.org/wiki/Freeswitch_Softphone,Freeswitch_Softphone,https://70.169.193.216/wiki/Freeswitch_Softphone
https://wiki.freeswitch.org/wiki/Mumble_conference_with_alsa,Mumble_conference_with_alsa,https://70.169.193.216/wiki/Mumble_conference_with_alsa
https://wiki.freeswitch.org/wiki/Mod_callcenter,Mod_callcenter,https://70.169.193.216/wiki/Mod_callcenter
https://wiki.freeswitch.org/wiki/Adopt-a-module,Adopt-a-module,https://70.169.193.216/wiki/Adopt-a-module
https://wiki.freeswitch.org/wiki/FSComm,FSComm,https://70.169.193.216/wiki/FSComm
https://wiki.freeswitch.org/wiki/Freeswitch_In_Screen,Freeswitch_In_Screen,https://70.169.193.216/wiki/Freeswitch_In_Screen
https://wiki.freeswitch.org/wiki/Basic_XML,Basic_XML,https://70.169.193.216/wiki/Basic_XML
https://wiki.freeswitch.org/wiki/Examples_cnam.js,Examples_cnam.js,https://70.169.193.216/wiki/Examples_cnam.js
https://wiki.freeswitch.org/wiki/FreeSwitch_Modules,FreeSwitch_Modules,https://70.169.193.216/wiki/FreeSwitch_Modules
https://wiki.freeswitch.org/wiki/Examples,Examples,https://70.169.193.216/wiki/Examples
https://wiki.freeswitch.org/wiki/FSClient,FSClient,https://70.169.193.216/wiki/FSClient
https://wiki.freeswitch.org/wiki/Connect_Two_FreeSWITCH_Boxes,Connect_Two_FreeSWITCH_Boxes,https://70.169.193.216/wiki/Connect_Two_FreeSWITCH_Boxes
https://wiki.freeswitch.org/wiki/Example_Answering_Machine,Example_Answering_Machine,https://70.169.193.216/wiki/Example_Answering_Machine
https://wiki.freeswitch.org/wiki/Call_through_example,Call_through_example,https://70.169.193.216/wiki/Call_through_example
https://wiki.freeswitch.org/wiki/Default.xml,Default.xml,https://70.169.193.216/wiki/Default.xml
https://wiki.freeswitch.org/wiki/Answering_Machine_Example,Answering_Machine_Example,https://70.169.193.216/wiki/Answering_Machine_Example
https://wiki.freeswitch.org/wiki/Xml_curl.conf.xml,Xml_curl.conf.xml,https://70.169.193.216/wiki/Xml_curl.conf.xml
https://wiki.freeswitch.org/wiki/Zeroconf.conf.xml,Zeroconf.conf.xml,https://70.169.193.216/wiki/Zeroconf.conf.xml
https://wiki.freeswitch.org/wiki/Xml_rpc.conf.xml,Xml_rpc.conf.xml,https://70.169.193.216/wiki/Xml_rpc.conf.xml
https://wiki.freeswitch.org/wiki/Xml_cdr.conf.xml,Xml_cdr.conf.xml,https://70.169.193.216/wiki/Xml_cdr.conf.xml
https://wiki.freeswitch.org/wiki/Voicemail.conf.xml,Voicemail.conf.xml,https://70.169.193.216/wiki/Voicemail.conf.xml
https://wiki.freeswitch.org/wiki/Woomera.conf.xml,Woomera.conf.xml,https://70.169.193.216/wiki/Woomera.conf.xml
https://wiki.freeswitch.org/wiki/Rss.conf.xml,Rss.conf.xml,https://70.169.193.216/wiki/Rss.conf.xml
https://wiki.freeswitch.org/wiki/Documentation/User_Documentation,Documentation/User_Documentation,https://70.169.193.216/wiki/Documentation/User_Documentation
https://wiki.freeswitch.org/wiki/Music_on_Hold,Music_on_Hold,https://70.169.193.216/wiki/Music_on_Hold
https://wiki.freeswitch.org/wiki/Dinstar_GSM_gateway_FreeSwitch_HowTo,Dinstar_GSM_gateway_FreeSwitch_HowTo,https://70.169.193.216/wiki/Dinstar_GSM_gateway_FreeSwitch_HowTo
https://wiki.freeswitch.org/wiki/Gateway_prefixes,Gateway_prefixes,https://70.169.193.216/wiki/Gateway_prefixes
https://wiki.freeswitch.org/wiki/Configuring_Audiocodes_Behind_NAT,Configuring_Audiocodes_Behind_NAT,https://70.169.193.216/wiki/Configuring_Audiocodes_Behind_NAT
https://wiki.freeswitch.org/wiki/Embedded_FreeSWITCH,Embedded_FreeSWITCH,https://70.169.193.216/wiki/Embedded_FreeSWITCH
https://wiki.freeswitch.org/wiki/Freeswitch_munin_module,Freeswitch_munin_module,https://70.169.193.216/wiki/Freeswitch_munin_module
https://wiki.freeswitch.org/wiki/Configuring_AudioCodes_MP-114/118,Configuring_AudioCodes_MP-114/118,https://70.169.193.216/wiki/Configuring_AudioCodes_MP-114/118
https://wiki.freeswitch.org/wiki/OpenZap_Dahdi,OpenZap_Dahdi,https://70.169.193.216/wiki/OpenZap_Dahdi
https://wiki.freeswitch.org/wiki/Configuring_SIP,Configuring_SIP,https://70.169.193.216/wiki/Configuring_SIP
https://wiki.freeswitch.org/wiki/Regular_Expression,Regular_Expression,https://70.169.193.216/wiki/Regular_Expression
https://wiki.freeswitch.org/wiki/Fun_Lua_Examples,Fun_Lua_Examples,https://70.169.193.216/wiki/Fun_Lua_Examples
https://wiki.freeswitch.org/wiki/Routing_with_directory_parameters,Routing_with_directory_parameters,https://70.169.193.216/wiki/Routing_with_directory_parameters
https://wiki.freeswitch.org/wiki/Enterprise_deployment,Enterprise_deployment,https://70.169.193.216/wiki/Enterprise_deployment
https://wiki.freeswitch.org/wiki/Nat_stun_debug_irc,Nat_stun_debug_irc,https://70.169.193.216/wiki/Nat_stun_debug_irc
https://wiki.freeswitch.org/wiki/Quick_and_nasty_autoprovisioning_and_dynamic_directories_and_queues_for_Snom_and_Polycom,Quick_and_nasty_autoprovisioning_and_dynamic_directories_and_queues_for_Snom_and_Polycom,https://70.169.193.216/wiki/Quick_and_nasty_autoprovisioning_and_dynamic_directories_and_queues_for_Snom_and_Polycom
https://wiki.freeswitch.org/wiki/Performance_testing_and_configurations,Performance_testing_and_configurations,https://70.169.193.216/wiki/Performance_testing_and_configurations
https://wiki.freeswitch.org/wiki/Prefix_dialing,Prefix_dialing,https://70.169.193.216/wiki/Prefix_dialing
https://wiki.freeswitch.org/wiki/XML_Modules_Configuration,XML_Modules_Configuration,https://70.169.193.216/wiki/XML_Modules_Configuration
https://wiki.freeswitch.org/wiki/Command_line,Command_line,https://70.169.193.216/wiki/Command_line
https://wiki.freeswitch.org/wiki/Dialplan_Recipes,Dialplan_Recipes,https://70.169.193.216/wiki/Dialplan_Recipes
https://wiki.freeswitch.org/wiki/Mod_xml_radius,Mod_xml_radius,https://70.169.193.216/wiki/Mod_xml_radius
https://wiki.freeswitch.org/wiki/Mod_v8,Mod_v8,https://70.169.193.216/wiki/Mod_v8
https://wiki.freeswitch.org/wiki/Mod_spidermonkey_teletone,Mod_spidermonkey_teletone,https://70.169.193.216/wiki/Mod_spidermonkey_teletone
https://wiki.freeswitch.org/wiki/Mod_spidermonkey_skel,Mod_spidermonkey_skel,https://70.169.193.216/wiki/Mod_spidermonkey_skel
https://wiki.freeswitch.org/wiki/Mod_spidermonkey_core_db,Mod_spidermonkey_core_db,https://70.169.193.216/wiki/Mod_spidermonkey_core_db
https://wiki.freeswitch.org/wiki/Lua_Examples,Lua_Examples,https://70.169.193.216/wiki/Lua_Examples
https://wiki.freeswitch.org/wiki/Mod_cdr,Mod_cdr,https://70.169.193.216/wiki/Mod_cdr
https://wiki.freeswitch.org/wiki/Load_management,Load_management,https://70.169.193.216/wiki/Load_management
https://wiki.freeswitch.org/wiki/FreeSwitch_Dialplan_XML,FreeSwitch_Dialplan_XML,https://70.169.193.216/wiki/FreeSwitch_Dialplan_XML
https://wiki.freeswitch.org/wiki/Enterprise_deployment_UltraMonkey,Enterprise_deployment_UltraMonkey,https://70.169.193.216/wiki/Enterprise_deployment_UltraMonkey
https://wiki.freeswitch.org/wiki/FreeSwitch_FAQ,FreeSwitch_FAQ,https://70.169.193.216/wiki/FreeSwitch_FAQ
https://wiki.freeswitch.org/wiki/Real-world_results,Real-world_results,https://70.169.193.216/wiki/Real-world_results
https://wiki.freeswitch.org/wiki/Long_term_testing_chevymanjosh,Long_term_testing_chevymanjosh,https://70.169.193.216/wiki/Long_term_testing_chevymanjosh
https://wiki.freeswitch.org/wiki/Enterprise_deployment_Xen,Enterprise_deployment_Xen,https://70.169.193.216/wiki/Enterprise_deployment_Xen
https://wiki.freeswitch.org/wiki/Example_Offsite_phones,Example_Offsite_phones,https://70.169.193.216/wiki/Example_Offsite_phones
https://wiki.freeswitch.org/wiki/Javascript_Teletone_Name,Javascript_Teletone_Name,https://70.169.193.216/wiki/Javascript_Teletone_Name
https://wiki.freeswitch.org/wiki/Javascript_FAQ,Javascript_FAQ,https://70.169.193.216/wiki/Javascript_FAQ
https://wiki.freeswitch.org/wiki/Javascript_Teletone_OnDTMF,Javascript_Teletone_OnDTMF,https://70.169.193.216/wiki/Javascript_Teletone_OnDTMF
https://wiki.freeswitch.org/wiki/OpenSIPS_configuration_for_2_or_more_FreeSWITCH_installs,OpenSIPS_configuration_for_2_or_more_FreeSWITCH_installs,https://70.169.193.216/wiki/OpenSIPS_configuration_for_2_or_more_FreeSWITCH_installs
https://wiki.freeswitch.org/wiki/Javascript_Teletone_AddTone,Javascript_Teletone_AddTone,https://70.169.193.216/wiki/Javascript_Teletone_AddTone
https://wiki.freeswitch.org/wiki/Javascript_Teletone_Generate,Javascript_Teletone_Generate,https://70.169.193.216/wiki/Javascript_Teletone_Generate
https://wiki.freeswitch.org/wiki/CDR,CDR,https://70.169.193.216/wiki/CDR
https://wiki.freeswitch.org/wiki/Example_XML_cdr,Example_XML_cdr,https://70.169.193.216/wiki/Example_XML_cdr
https://wiki.freeswitch.org/wiki/Javascript_XML,Javascript_XML,https://70.169.193.216/wiki/Javascript_XML
https://wiki.freeswitch.org/wiki/Dialplan_ARRAYS,Dialplan_ARRAYS,https://70.169.193.216/wiki/Dialplan_ARRAYS
https://wiki.freeswitch.org/wiki/Amazon_EC2,Amazon_EC2,https://70.169.193.216/wiki/Amazon_EC2
https://wiki.freeswitch.org/wiki/Mod_odbc_query,Mod_odbc_query,https://70.169.193.216/wiki/Mod_odbc_query
https://wiki.freeswitch.org/wiki/Advanced_configuration,Advanced_configuration,https://70.169.193.216/wiki/Advanced_configuration
https://wiki.freeswitch.org/wiki/Enterprise_deployment_Clustered_File_Systems,Enterprise_deployment_Clustered_File_Systems,https://70.169.193.216/wiki/Enterprise_deployment_Clustered_File_Systems
https://wiki.freeswitch.org/wiki/Release_Notes,Release_Notes,https://70.169.193.216/wiki/Release_Notes
https://wiki.freeswitch.org/wiki/DSN,DSN,https://70.169.193.216/wiki/DSN
https://wiki.freeswitch.org/wiki/Dialplan_Functions,Dialplan_Functions,https://70.169.193.216/wiki/Dialplan_Functions
https://wiki.freeswitch.org/wiki/Caller_profile_field,Caller_profile_field,https://70.169.193.216/wiki/Caller_profile_field
https://wiki.freeswitch.org/wiki/CDR_via_ESL,CDR_via_ESL,https://70.169.193.216/wiki/CDR_via_ESL
https://wiki.freeswitch.org/wiki/Misc._Dialplan_Tools_capture,Misc._Dialplan_Tools_capture,https://70.169.193.216/wiki/Misc._Dialplan_Tools_capture
https://wiki.freeswitch.org/wiki/JavaCDRLogger,JavaCDRLogger,https://70.169.193.216/wiki/JavaCDRLogger
https://wiki.freeswitch.org/wiki/Weekly_Conference_Call,Weekly_Conference_Call,https://70.169.193.216/wiki/Weekly_Conference_Call
https://wiki.freeswitch.org/wiki/Javascript_Event,Javascript_Event,https://70.169.193.216/wiki/Javascript_Event
https://wiki.freeswitch.org/wiki/Dialplan_FollowMe,Dialplan_FollowMe,https://70.169.193.216/wiki/Dialplan_FollowMe
https://wiki.freeswitch.org/wiki/Mod_timezone,Mod_timezone,https://70.169.193.216/wiki/Mod_timezone
https://wiki.freeswitch.org/wiki/Xmlcdrd,Xmlcdrd,https://70.169.193.216/wiki/Xmlcdrd
https://wiki.freeswitch.org/wiki/Mod_playback,Mod_playback,https://70.169.193.216/wiki/Mod_playback
https://wiki.freeswitch.org/wiki/Mod_g711,Mod_g711,https://70.169.193.216/wiki/Mod_g711
https://wiki.freeswitch.org/wiki/Interop_List,Interop_List,https://70.169.193.216/wiki/Interop_List
https://wiki.freeswitch.org/wiki/Function_sofia_contact,Function_sofia_contact,https://70.169.193.216/wiki/Function_sofia_contact
https://wiki.freeswitch.org/wiki/Function_db,Function_db,https://70.169.193.216/wiki/Function_db
https://wiki.freeswitch.org/wiki/Function_cond,Function_cond,https://70.169.193.216/wiki/Function_cond
https://wiki.freeswitch.org/wiki/Multicast_Paging,Multicast_Paging,https://70.169.193.216/wiki/Multicast_Paging
https://wiki.freeswitch.org/wiki/Multi-line_rollover,Multi-line_rollover,https://70.169.193.216/wiki/Multi-line_rollover
https://wiki.freeswitch.org/wiki/Enterprise_deployment_IP_Failover,Enterprise_deployment_IP_Failover,https://70.169.193.216/wiki/Enterprise_deployment_IP_Failover
https://wiki.freeswitch.org/wiki/Enterprise_deployment_OpenSIPS,Enterprise_deployment_OpenSIPS,https://70.169.193.216/wiki/Enterprise_deployment_OpenSIPS
https://wiki.freeswitch.org/wiki/Enterprise_deployment_DNS_SRV,Enterprise_deployment_DNS_SRV,https://70.169.193.216/wiki/Enterprise_deployment_DNS_SRV
https://wiki.freeswitch.org/wiki/High_availability,High_availability,https://70.169.193.216/wiki/High_availability
https://wiki.freeswitch.org/wiki/Load_balancing,Load_balancing,https://70.169.193.216/wiki/Load_balancing
https://wiki.freeswitch.org/wiki/Enterprise_deployment_with_Corosync,Enterprise_deployment_with_Corosync,https://70.169.193.216/wiki/Enterprise_deployment_with_Corosync
https://wiki.freeswitch.org/wiki/Holiday_Routing,Holiday_Routing,https://70.169.193.216/wiki/Holiday_Routing
https://wiki.freeswitch.org/wiki/Nokia_N95,Nokia_N95,https://70.169.193.216/wiki/Nokia_N95
https://wiki.freeswitch.org/wiki/FreeSwitch_MetaSwitch_HowTo,FreeSwitch_MetaSwitch_HowTo,https://70.169.193.216/wiki/FreeSwitch_MetaSwitch_HowTo
https://wiki.freeswitch.org/wiki/Goip_FreeSwitch_HowTo,Goip_FreeSwitch_HowTo,https://70.169.193.216/wiki/Goip_FreeSwitch_HowTo
https://wiki.freeswitch.org/wiki/Yealink-SIP-T26P,Yealink-SIP-T26P,https://70.169.193.216/wiki/Yealink-SIP-T26P
https://wiki.freeswitch.org/wiki/Dialplan_Handling_Incoming_Redirect,Dialplan_Handling_Incoming_Redirect,https://70.169.193.216/wiki/Dialplan_Handling_Incoming_Redirect
https://wiki.freeswitch.org/wiki/Freeswitch_HA,Freeswitch_HA,https://70.169.193.216/wiki/Freeswitch_HA
https://wiki.freeswitch.org/wiki/Connecting_Freeswitch_And_Nortel,Connecting_Freeswitch_And_Nortel,https://70.169.193.216/wiki/Connecting_Freeswitch_And_Nortel
https://wiki.freeswitch.org/wiki/Obi100,Obi100,https://70.169.193.216/wiki/Obi100
https://wiki.freeswitch.org/wiki/Cisco_Sample_XML_Config,Cisco_Sample_XML_Config,https://70.169.193.216/wiki/Cisco_Sample_XML_Config
https://wiki.freeswitch.org/wiki/Example_7941_Config,Example_7941_Config,https://70.169.193.216/wiki/Example_7941_Config
https://wiki.freeswitch.org/wiki/Cisco_UC520_Howto,Cisco_UC520_Howto,https://70.169.193.216/wiki/Cisco_UC520_Howto
https://wiki.freeswitch.org/wiki/Exchange_2007_UM,Exchange_2007_UM,https://70.169.193.216/wiki/Exchange_2007_UM
https://wiki.freeswitch.org/wiki/CoreSession_Constructor,CoreSession_Constructor,https://70.169.193.216/wiki/CoreSession_Constructor
https://wiki.freeswitch.org/wiki/Documentation_guidelines,Documentation_guidelines,https://70.169.193.216/wiki/Documentation_guidelines
https://wiki.freeswitch.org/wiki/Freeswitch_Cisco_7960G_Howto,Freeswitch_Cisco_7960G_Howto,https://70.169.193.216/wiki/Freeswitch_Cisco_7960G_Howto
https://wiki.freeswitch.org/wiki/320HD,320HD,https://70.169.193.216/wiki/320HD
https://wiki.freeswitch.org/wiki/310HD,310HD,https://70.169.193.216/wiki/310HD
https://wiki.freeswitch.org/wiki/2n_Voiceblue_Lite_Config,2n_Voiceblue_Lite_Config,https://70.169.193.216/wiki/2n_Voiceblue_Lite_Config
https://wiki.freeswitch.org/wiki/Connecting_Freeswitch_and_Asterisk,Connecting_Freeswitch_and_Asterisk,https://70.169.193.216/wiki/Connecting_Freeswitch_and_Asterisk
https://wiki.freeswitch.org/wiki/Freeswitch_HA_Keepalived,Freeswitch_HA_Keepalived,https://70.169.193.216/wiki/Freeswitch_HA_Keepalived
https://wiki.freeswitch.org/wiki/Default_config,Default_config,https://70.169.193.216/wiki/Default_config
https://wiki.freeswitch.org/wiki/Wiki_tutorial,Wiki_tutorial,https://70.169.193.216/wiki/Wiki_tutorial
https://wiki.freeswitch.org/wiki/Audiocodes_IP_phone_config_files,Audiocodes_IP_phone_config_files,https://70.169.193.216/wiki/Audiocodes_IP_phone_config_files
https://wiki.freeswitch.org/wiki/Interop_List_Scratchpad,Interop_List_Scratchpad,https://70.169.193.216/wiki/Interop_List_Scratchpad
https://wiki.freeswitch.org/wiki/What_is_freeswitch,What_is_freeswitch,https://70.169.193.216/wiki/What_is_freeswitch
https://wiki.freeswitch.org/wiki/Best_Practices,Best_Practices,https://70.169.193.216/wiki/Best_Practices
https://wiki.freeswitch.org/wiki/Clarification:gateways,Clarification:gateways,https://70.169.193.216/wiki/Clarification:gateways
https://wiki.freeswitch.org/wiki/FreeSWITCH_Wiki:Site_support,FreeSWITCH_Wiki:Site_support,https://70.169.193.216/wiki/FreeSWITCH_Wiki:Site_support
https://wiki.freeswitch.org/wiki/Default_Dialplan_QRF,Default_Dialplan_QRF,https://70.169.193.216/wiki/Default_Dialplan_QRF
https://wiki.freeswitch.org/wiki/Fail2ban,Fail2ban,https://70.169.193.216/wiki/Fail2ban
https://wiki.freeswitch.org/wiki/Authentication,Authentication,https://70.169.193.216/wiki/Authentication
https://wiki.freeswitch.org/wiki/FreeSWITCH_CPU_Usage,FreeSWITCH_CPU_Usage,https://70.169.193.216/wiki/FreeSWITCH_CPU_Usage
https://wiki.freeswitch.org/wiki/Mod_fail2ban,Mod_fail2ban,https://70.169.193.216/wiki/Mod_fail2ban
https://wiki.freeswitch.org/wiki/Call_Legs,Call_Legs,https://70.169.193.216/wiki/Call_Legs
https://wiki.freeswitch.org/wiki/Call_Groups,Call_Groups,https://70.169.193.216/wiki/Call_Groups
https://wiki.freeswitch.org/wiki/RTCP,RTCP,https://70.169.193.216/wiki/RTCP
https://wiki.freeswitch.org/wiki/Mod_limit,Mod_limit,https://70.169.193.216/wiki/Mod_limit
https://wiki.freeswitch.org/wiki/FSmerge,FSmerge,https://70.169.193.216/wiki/FSmerge
https://wiki.freeswitch.org/wiki/Freeswitch_for_new_people,Freeswitch_for_new_people,https://70.169.193.216/wiki/Freeswitch_for_new_people
https://wiki.freeswitch.org/wiki/Language,Language,https://70.169.193.216/wiki/Language
https://wiki.freeswitch.org/wiki/T.38,T.38,https://70.169.193.216/wiki/T.38
https://wiki.freeswitch.org/wiki/Bounties_Completed,Bounties_Completed,https://70.169.193.216/wiki/Bounties_Completed
https://wiki.freeswitch.org/wiki/Choosing_The_Right_Language,Choosing_The_Right_Language,https://70.169.193.216/wiki/Choosing_The_Right_Language
https://wiki.freeswitch.org/wiki/API_skeleton,API_skeleton,https://70.169.193.216/wiki/API_skeleton
https://wiki.freeswitch.org/wiki/Mod_skypiax,Mod_skypiax,https://70.169.193.216/wiki/Mod_skypiax
https://wiki.freeswitch.org/wiki/Cookbook,Cookbook,https://70.169.193.216/wiki/Cookbook
https://wiki.freeswitch.org/wiki/Expr,Expr,https://70.169.193.216/wiki/Expr
https://wiki.freeswitch.org/wiki/Community_Staff,Community_Staff,https://70.169.193.216/wiki/Community_Staff
https://wiki.freeswitch.org/wiki/Mod_loopback,Mod_loopback,https://70.169.193.216/wiki/Mod_loopback
https://wiki.freeswitch.org/wiki/Function_sofia_dig,Function_sofia_dig,https://70.169.193.216/wiki/Function_sofia_dig
https://wiki.freeswitch.org/wiki/Authors,Authors,https://70.169.193.216/wiki/Authors
https://wiki.freeswitch.org/wiki/Loopback_endpoint,Loopback_endpoint,https://70.169.193.216/wiki/Loopback_endpoint
https://wiki.freeswitch.org/wiki/Cisco_Call_Manager,Cisco_Call_Manager,https://70.169.193.216/wiki/Cisco_Call_Manager
https://wiki.freeswitch.org/wiki/Conference_Add_Call_Example,Conference_Add_Call_Example,https://70.169.193.216/wiki/Conference_Add_Call_Example
https://wiki.freeswitch.org/wiki/Misc._Dialplan_Tools_bind_digit_action,Misc._Dialplan_Tools_bind_digit_action,https://70.169.193.216/wiki/Misc._Dialplan_Tools_bind_digit_action
https://wiki.freeswitch.org/wiki/Misc._Dialplan_Tools_digit_action_set_realm,Misc._Dialplan_Tools_digit_action_set_realm,https://70.169.193.216/wiki/Misc._Dialplan_Tools_digit_action_set_realm
https://wiki.freeswitch.org/wiki/Misc._Dialplan_Tools_clear_digit_action,Misc._Dialplan_Tools_clear_digit_action,https://70.169.193.216/wiki/Misc._Dialplan_Tools_clear_digit_action
https://wiki.freeswitch.org/wiki/Regex,Regex,https://70.169.193.216/wiki/Regex
https://wiki.freeswitch.org/wiki/Mod_ha_cluster,Mod_ha_cluster,https://70.169.193.216/wiki/Mod_ha_cluster
https://wiki.freeswitch.org/wiki/Raspi,Raspi,https://70.169.193.216/wiki/Raspi
https://wiki.freeswitch.org/wiki/Janitor_Projects,Janitor_Projects,https://70.169.193.216/wiki/Janitor_Projects
https://wiki.freeswitch.org/wiki/Lua_Intercom,Lua_Intercom,https://70.169.193.216/wiki/Lua_Intercom
https://wiki.freeswitch.org/wiki/Lua_Welcome_IVR_Example,Lua_Welcome_IVR_Example,https://70.169.193.216/wiki/Lua_Welcome_IVR_Example
https://wiki.freeswitch.org/wiki/Dialplan_YAML,Dialplan_YAML,https://70.169.193.216/wiki/Dialplan_YAML
https://wiki.freeswitch.org/wiki/Wanpipe,Wanpipe,https://70.169.193.216/wiki/Wanpipe
https://wiki.freeswitch.org/wiki/Mod_say_he,Mod_say_he,https://70.169.193.216/wiki/Mod_say_he
https://wiki.freeswitch.org/wiki/Mod_xml_odbc,Mod_xml_odbc,https://70.169.193.216/wiki/Mod_xml_odbc
https://wiki.freeswitch.org/wiki/Mod_translate,Mod_translate,https://70.169.193.216/wiki/Mod_translate
https://wiki.freeswitch.org/wiki/Mod_tone_detect,Mod_tone_detect,https://70.169.193.216/wiki/Mod_tone_detect
https://wiki.freeswitch.org/wiki/Gsmopen,Gsmopen,https://70.169.193.216/wiki/Gsmopen
https://wiki.freeswitch.org/wiki/Khomp,Khomp,https://70.169.193.216/wiki/Khomp
https://wiki.freeswitch.org/wiki/Mod_snipe_hunt,Mod_snipe_hunt,https://70.169.193.216/wiki/Mod_snipe_hunt
https://wiki.freeswitch.org/wiki/Mod_skel,Mod_skel,https://70.169.193.216/wiki/Mod_skel
https://wiki.freeswitch.org/wiki/Mod_oreka,Mod_oreka,https://70.169.193.216/wiki/Mod_oreka
https://wiki.freeswitch.org/wiki/Post_load_modules.conf.xml,Post_load_modules.conf.xml,https://70.169.193.216/wiki/Post_load_modules.conf.xml
https://wiki.freeswitch.org/wiki/Mod_cluechoo,Mod_cluechoo,https://70.169.193.216/wiki/Mod_cluechoo
https://wiki.freeswitch.org/wiki/Portaudio.conf.xml,Portaudio.conf.xml,https://70.169.193.216/wiki/Portaudio.conf.xml
https://wiki.freeswitch.org/wiki/Local_stream.conf.xml,Local_stream.conf.xml,https://70.169.193.216/wiki/Local_stream.conf.xml
https://wiki.freeswitch.org/wiki/Perl.conf.xml,Perl.conf.xml,https://70.169.193.216/wiki/Perl.conf.xml
https://wiki.freeswitch.org/wiki/Lua.conf.xml,Lua.conf.xml,https://70.169.193.216/wiki/Lua.conf.xml
https://wiki.freeswitch.org/wiki/Logfile.conf.xml,Logfile.conf.xml,https://70.169.193.216/wiki/Logfile.conf.xml
https://wiki.freeswitch.org/wiki/Limit.conf.xml,Limit.conf.xml,https://70.169.193.216/wiki/Limit.conf.xml
https://wiki.freeswitch.org/wiki/Lua_freeswitch_dbh,Lua_freeswitch_dbh,https://70.169.193.216/wiki/Lua_freeswitch_dbh
https://wiki.freeswitch.org/wiki/Mod_xml_odbc_simple,Mod_xml_odbc_simple,https://70.169.193.216/wiki/Mod_xml_odbc_simple
https://wiki.freeswitch.org/wiki/Khomp/README,Khomp/README,https://70.169.193.216/wiki/Khomp/README
https://wiki.freeswitch.org/wiki/Java.conf.xml,Java.conf.xml,https://70.169.193.216/wiki/Java.conf.xml
https://wiki.freeswitch.org/wiki/Ivr.conf.xml,Ivr.conf.xml,https://70.169.193.216/wiki/Ivr.conf.xml
https://wiki.freeswitch.org/wiki/Event_socket.conf.xml,Event_socket.conf.xml,https://70.169.193.216/wiki/Event_socket.conf.xml
https://wiki.freeswitch.org/wiki/OpenZAP_Rhino,OpenZAP_Rhino,https://70.169.193.216/wiki/OpenZAP_Rhino
https://wiki.freeswitch.org/wiki/OpenZAP_OpenR2,OpenZAP_OpenR2,https://70.169.193.216/wiki/OpenZAP_OpenR2
https://wiki.freeswitch.org/wiki/Event_multicast.conf.xml,Event_multicast.conf.xml,https://70.169.193.216/wiki/Event_multicast.conf.xml
https://wiki.freeswitch.org/wiki/Openzap.conf.xml_Examples,Openzap.conf.xml_Examples,https://70.169.193.216/wiki/Openzap.conf.xml_Examples
https://wiki.freeswitch.org/wiki/Openzap.conf_Examples,Openzap.conf_Examples,https://70.169.193.216/wiki/Openzap.conf_Examples
https://wiki.freeswitch.org/wiki/Zaptel_Tutorial,Zaptel_Tutorial,https://70.169.193.216/wiki/Zaptel_Tutorial
https://wiki.freeswitch.org/wiki/Enum.conf.xml,Enum.conf.xml,https://70.169.193.216/wiki/Enum.conf.xml
https://wiki.freeswitch.org/wiki/Erlang_event.conf.xml,Erlang_event.conf.xml,https://70.169.193.216/wiki/Erlang_event.conf.xml
https://wiki.freeswitch.org/wiki/Dialplan_directory.conf.xml,Dialplan_directory.conf.xml,https://70.169.193.216/wiki/Dialplan_directory.conf.xml
https://wiki.freeswitch.org/wiki/Dingaling.conf.xml,Dingaling.conf.xml,https://70.169.193.216/wiki/Dingaling.conf.xml
https://wiki.freeswitch.org/wiki/Console.conf.xml,Console.conf.xml,https://70.169.193.216/wiki/Console.conf.xml
https://wiki.freeswitch.org/wiki/Alsa.conf.xml,Alsa.conf.xml,https://70.169.193.216/wiki/Alsa.conf.xml
https://wiki.freeswitch.org/wiki/Conference.conf.xml,Conference.conf.xml,https://70.169.193.216/wiki/Conference.conf.xml
https://wiki.freeswitch.org/wiki/Cdr_csv.conf.xml,Cdr_csv.conf.xml,https://70.169.193.216/wiki/Cdr_csv.conf.xml
https://wiki.freeswitch.org/wiki/Web-vm.tpl,Web-vm.tpl,https://70.169.193.216/wiki/Web-vm.tpl
https://wiki.freeswitch.org/wiki/Voicemail.tpl,Voicemail.tpl,https://70.169.193.216/wiki/Voicemail.tpl
https://wiki.freeswitch.org/wiki/Vars.xml,Vars.xml,https://70.169.193.216/wiki/Vars.xml
https://wiki.freeswitch.org/wiki/Mime.types,Mime.types,https://70.169.193.216/wiki/Mime.types
https://wiki.freeswitch.org/wiki/Fur_elise.ttml,Fur_elise.ttml,https://70.169.193.216/wiki/Fur_elise.ttml
https://wiki.freeswitch.org/wiki/Extensions.conf,Extensions.conf,https://70.169.193.216/wiki/Extensions.conf
https://wiki.freeswitch.org/wiki/Mod_tone_stream,Mod_tone_stream,https://70.169.193.216/wiki/Mod_tone_stream
https://wiki.freeswitch.org/wiki/Quick_and_Dirty_Install,Quick_and_Dirty_Install,https://70.169.193.216/wiki/Quick_and_Dirty_Install
https://wiki.freeswitch.org/wiki/Mod_spidermonkey,Mod_spidermonkey,https://70.169.193.216/wiki/Mod_spidermonkey
https://wiki.freeswitch.org/wiki/Mod_native_file,Mod_native_file,https://70.169.193.216/wiki/Mod_native_file
https://wiki.freeswitch.org/wiki/Mod_spandsp,Mod_spandsp,https://70.169.193.216/wiki/Mod_spandsp
https://wiki.freeswitch.org/wiki/Mod_local_stream,Mod_local_stream,https://70.169.193.216/wiki/Mod_local_stream
https://wiki.freeswitch.org/wiki/Mod_logfile,Mod_logfile,https://70.169.193.216/wiki/Mod_logfile
https://wiki.freeswitch.org/wiki/Mod_db,Mod_db,https://70.169.193.216/wiki/Mod_db
https://wiki.freeswitch.org/wiki/Mod_sofia,Mod_sofia,https://70.169.193.216/wiki/Mod_sofia
https://wiki.freeswitch.org/wiki/Loopback,Loopback,https://70.169.193.216/wiki/Loopback
https://wiki.freeswitch.org/wiki/Mod_hash,Mod_hash,https://70.169.193.216/wiki/Mod_hash
https://wiki.freeswitch.org/wiki/Mod_fsv,Mod_fsv,https://70.169.193.216/wiki/Mod_fsv
https://wiki.freeswitch.org/wiki/Config_vars.xml,Config_vars.xml,https://70.169.193.216/wiki/Config_vars.xml
https://wiki.freeswitch.org/wiki/Mod_esf,Mod_esf,https://70.169.193.216/wiki/Mod_esf
https://wiki.freeswitch.org/wiki/Mod_expr,Mod_expr,https://70.169.193.216/wiki/Mod_expr
https://wiki.freeswitch.org/wiki/Mod_event_zmq,Mod_event_zmq,https://70.169.193.216/wiki/Mod_event_zmq
https://wiki.freeswitch.org/wiki/Mod_distributor,Mod_distributor,https://70.169.193.216/wiki/Mod_distributor
https://wiki.freeswitch.org/wiki/Mod_v8_skel,Mod_v8_skel,https://70.169.193.216/wiki/Mod_v8_skel
https://wiki.freeswitch.org/wiki/Mod_console,Mod_console,https://70.169.193.216/wiki/Mod_console
https://wiki.freeswitch.org/wiki/JavaScript_EventHandler,JavaScript_EventHandler,https://70.169.193.216/wiki/JavaScript_EventHandler
https://wiki.freeswitch.org/wiki/Fax_on_AudioCodes_Mediant,Fax_on_AudioCodes_Mediant,https://70.169.193.216/wiki/Fax_on_AudioCodes_Mediant
https://wiki.freeswitch.org/wiki/Mod_erlang_event,Mod_erlang_event,https://70.169.193.216/wiki/Mod_erlang_event
https://wiki.freeswitch.org/wiki/Multi_Homed_Dual_NIC_How_To,Multi_Homed_Dual_NIC_How_To,https://70.169.193.216/wiki/Multi_Homed_Dual_NIC_How_To
https://wiki.freeswitch.org/wiki/HylaFax,HylaFax,https://70.169.193.216/wiki/HylaFax
https://wiki.freeswitch.org/wiki/Mod_dialplan_xml,Mod_dialplan_xml,https://70.169.193.216/wiki/Mod_dialplan_xml
https://wiki.freeswitch.org/wiki/Play_fsv,Play_fsv,https://70.169.193.216/wiki/Play_fsv
https://wiki.freeswitch.org/wiki/Record_fsv,Record_fsv,https://70.169.193.216/wiki/Record_fsv
https://wiki.freeswitch.org/wiki/FreeSwitch_Javascript,FreeSwitch_Javascript,https://70.169.193.216/wiki/FreeSwitch_Javascript
https://wiki.freeswitch.org/wiki/Faxlib.jm,Faxlib.jm,https://70.169.193.216/wiki/Faxlib.jm
https://wiki.freeswitch.org/wiki/Examples_voicepulse_rate.js,Examples_voicepulse_rate.js,https://70.169.193.216/wiki/Examples_voicepulse_rate.js
https://wiki.freeswitch.org/wiki/Example_Hangup_hook,Example_Hangup_hook,https://70.169.193.216/wiki/Example_Hangup_hook
https://wiki.freeswitch.org/wiki/Mod_speex,Mod_speex,https://70.169.193.216/wiki/Mod_speex
https://wiki.freeswitch.org/wiki/Mod_ilbc,Mod_ilbc,https://70.169.193.216/wiki/Mod_ilbc
https://wiki.freeswitch.org/wiki/Mod_amr,Mod_amr,https://70.169.193.216/wiki/Mod_amr
https://wiki.freeswitch.org/wiki/Mod_g729,Mod_g729,https://70.169.193.216/wiki/Mod_g729
https://wiki.freeswitch.org/wiki/Mod_g723_1,Mod_g723_1,https://70.169.193.216/wiki/Mod_g723_1
https://wiki.freeswitch.org/wiki/Mod_dialplan_asterisk,Mod_dialplan_asterisk,https://70.169.193.216/wiki/Mod_dialplan_asterisk
https://wiki.freeswitch.org/wiki/Mod_enum,Mod_enum,https://70.169.193.216/wiki/Mod_enum
https://wiki.freeswitch.org/wiki/Freeswitch_Gui,Freeswitch_Gui,https://70.169.193.216/wiki/Freeswitch_Gui
https://wiki.freeswitch.org/wiki/OpenWrt,OpenWrt,https://70.169.193.216/wiki/OpenWrt
https://wiki.freeswitch.org/wiki/Mod_conference,Mod_conference,https://70.169.193.216/wiki/Mod_conference
https://wiki.freeswitch.org/wiki/ZRTP,ZRTP,https://70.169.193.216/wiki/ZRTP
https://wiki.freeswitch.org/wiki/Fs_cli,Fs_cli,https://70.169.193.216/wiki/Fs_cli
https://wiki.freeswitch.org/wiki/Dingaling,Dingaling,https://70.169.193.216/wiki/Dingaling
https://wiki.freeswitch.org/wiki/Mod_spidermonkey_odbc,Mod_spidermonkey_odbc,https://70.169.193.216/wiki/Mod_spidermonkey_odbc
https://wiki.freeswitch.org/wiki/Installation:Gentoo,Installation:Gentoo,https://70.169.193.216/wiki/Installation:Gentoo
https://wiki.freeswitch.org/wiki/Dynamic_payloads,Dynamic_payloads,https://70.169.193.216/wiki/Dynamic_payloads
https://wiki.freeswitch.org/wiki/Installation_for_Windows,Installation_for_Windows,https://70.169.193.216/wiki/Installation_for_Windows
https://wiki.freeswitch.org/wiki/Linux_Quick_Install_Guide,Linux_Quick_Install_Guide,https://70.169.193.216/wiki/Linux_Quick_Install_Guide
https://wiki.freeswitch.org/wiki/Mod_skypopen,Mod_skypopen,https://70.169.193.216/wiki/Mod_skypopen
https://wiki.freeswitch.org/wiki/DNS,DNS,https://70.169.193.216/wiki/DNS
https://wiki.freeswitch.org/wiki/Freeswitch_Portal,Freeswitch_Portal,https://70.169.193.216/wiki/Freeswitch_Portal
https://wiki.freeswitch.org/wiki/Conference_Announce_Count_Inline,Conference_Announce_Count_Inline,https://70.169.193.216/wiki/Conference_Announce_Count_Inline
https://wiki.freeswitch.org/wiki/Installation_and_Setup_on_OS_X,Installation_and_Setup_on_OS_X,https://70.169.193.216/wiki/Installation_and_Setup_on_OS_X
https://wiki.freeswitch.org/wiki/Fs_gui,Fs_gui,https://70.169.193.216/wiki/Fs_gui
https://wiki.freeswitch.org/wiki/Firewall,Firewall,https://70.169.193.216/wiki/Firewall
https://wiki.freeswitch.org/wiki/ISN,ISN,https://70.169.193.216/wiki/ISN
https://wiki.freeswitch.org/wiki/Installation_on_OS_X_10.9_Mavericks,Installation_on_OS_X_10.9_Mavericks,https://70.169.193.216/wiki/Installation_on_OS_X_10.9_Mavericks
https://wiki.freeswitch.org/wiki/Mod_xml_curl_C++_Example,Mod_xml_curl_C++_Example,https://70.169.193.216/wiki/Mod_xml_curl_C++_Example
https://wiki.freeswitch.org/wiki/Mod_xml_curl_Ruby_directory_example,Mod_xml_curl_Ruby_directory_example,https://70.169.193.216/wiki/Mod_xml_curl_Ruby_directory_example
https://wiki.freeswitch.org/wiki/Mod_xml_curl_CGI_example,Mod_xml_curl_CGI_example,https://70.169.193.216/wiki/Mod_xml_curl_CGI_example
https://wiki.freeswitch.org/wiki/Mod_xml_curl_Ruby_dialplan_example,Mod_xml_curl_Ruby_dialplan_example,https://70.169.193.216/wiki/Mod_xml_curl_Ruby_dialplan_example
https://wiki.freeswitch.org/wiki/Mod_xml_curl_Python_example,Mod_xml_curl_Python_example,https://70.169.193.216/wiki/Mod_xml_curl_Python_example
https://wiki.freeswitch.org/wiki/Mod_xml_curl_C_sharp_example,Mod_xml_curl_C_sharp_example,https://70.169.193.216/wiki/Mod_xml_curl_C_sharp_example
https://wiki.freeswitch.org/wiki/Modules.conf.xml,Modules.conf.xml,https://70.169.193.216/wiki/Modules.conf.xml
https://wiki.freeswitch.org/wiki/Freeswitch.xml,Freeswitch.xml,https://70.169.193.216/wiki/Freeswitch.xml
https://wiki.freeswitch.org/wiki/Wireshark_howto,Wireshark_howto,https://70.169.193.216/wiki/Wireshark_howto
https://wiki.freeswitch.org/wiki/Mod_valet_parking,Mod_valet_parking,https://70.169.193.216/wiki/Mod_valet_parking
https://wiki.freeswitch.org/wiki/Misc._Dialplan_Tools_wait_for_silence,Misc._Dialplan_Tools_wait_for_silence,https://70.169.193.216/wiki/Misc._Dialplan_Tools_wait_for_silence
https://wiki.freeswitch.org/wiki/Misc._Dialplan_Tools_wait_for_answer,Misc._Dialplan_Tools_wait_for_answer,https://70.169.193.216/wiki/Misc._Dialplan_Tools_wait_for_answer
https://wiki.freeswitch.org/wiki/Misc._Dialplan_Tools_verbose_events,Misc._Dialplan_Tools_verbose_events,https://70.169.193.216/wiki/Misc._Dialplan_Tools_verbose_events
https://wiki.freeswitch.org/wiki/Call_Forward_Example,Call_Forward_Example,https://70.169.193.216/wiki/Call_Forward_Example
https://wiki.freeswitch.org/wiki/Misc._Dialplan_Tools_valet_park,Misc._Dialplan_Tools_valet_park,https://70.169.193.216/wiki/Misc._Dialplan_Tools_valet_park
https://wiki.freeswitch.org/wiki/Mod_lua,Mod_lua,https://70.169.193.216/wiki/Mod_lua
https://wiki.freeswitch.org/wiki/Misc._Dialplan_Tools_unbind_meta_app,Misc._Dialplan_Tools_unbind_meta_app,https://70.169.193.216/wiki/Misc._Dialplan_Tools_unbind_meta_app
https://wiki.freeswitch.org/wiki/Misc._Dialplan_Tools_unset,Misc._Dialplan_Tools_unset,https://70.169.193.216/wiki/Misc._Dialplan_Tools_unset
https://wiki.freeswitch.org/wiki/Misc._Dialplan_Tools_transfer,Misc._Dialplan_Tools_transfer,https://70.169.193.216/wiki/Misc._Dialplan_Tools_transfer
https://wiki.freeswitch.org/wiki/Misc._Dialplan_Tools_three_way,Misc._Dialplan_Tools_three_way,https://70.169.193.216/wiki/Misc._Dialplan_Tools_three_way
https://wiki.freeswitch.org/wiki/Misc._Dialplan_Tools_tone_detect,Misc._Dialplan_Tools_tone_detect,https://70.169.193.216/wiki/Misc._Dialplan_Tools_tone_detect
https://wiki.freeswitch.org/wiki/Installing_LuaSQL,Installing_LuaSQL,https://70.169.193.216/wiki/Installing_LuaSQL
https://wiki.freeswitch.org/wiki/Call_retry_based_on_hangup_cause,Call_retry_based_on_hangup_cause,https://70.169.193.216/wiki/Call_retry_based_on_hangup_cause
https://wiki.freeswitch.org/wiki/Bridging_two_calls_with_retry,Bridging_two_calls_with_retry,https://70.169.193.216/wiki/Bridging_two_calls_with_retry
https://wiki.freeswitch.org/wiki/Misc._Dialplan_Tools_system,Misc._Dialplan_Tools_system,https://70.169.193.216/wiki/Misc._Dialplan_Tools_system
https://wiki.freeswitch.org/wiki/Misc._Dialplan_Tools_strftime_tz,Misc._Dialplan_Tools_strftime_tz,https://70.169.193.216/wiki/Misc._Dialplan_Tools_strftime_tz
https://wiki.freeswitch.org/wiki/Misc._Dialplan_Tools_stop_tone_detect,Misc._Dialplan_Tools_stop_tone_detect,https://70.169.193.216/wiki/Misc._Dialplan_Tools_stop_tone_detect
https://wiki.freeswitch.org/wiki/Misc._Dialplan_Tools_strftime,Misc._Dialplan_Tools_strftime,https://70.169.193.216/wiki/Misc._Dialplan_Tools_strftime
https://wiki.freeswitch.org/wiki/Misc._Dialplan_Tools_strepoch,Misc._Dialplan_Tools_strepoch,https://70.169.193.216/wiki/Misc._Dialplan_Tools_strepoch
https://wiki.freeswitch.org/wiki/Misc._Dialplan_Tools_InlineDialplan,Misc._Dialplan_Tools_InlineDialplan,https://70.169.193.216/wiki/Misc._Dialplan_Tools_InlineDialplan
https://wiki.freeswitch.org/wiki/Misc._Dialplan_Tools_stop_record_session,Misc._Dialplan_Tools_stop_record_session,https://70.169.193.216/wiki/Misc._Dialplan_Tools_stop_record_session
https://wiki.freeswitch.org/wiki/Misc._Dialplan_Tools_stop_dtmf_generate,Misc._Dialplan_Tools_stop_dtmf_generate,https://70.169.193.216/wiki/Misc._Dialplan_Tools_stop_dtmf_generate
https://wiki.freeswitch.org/wiki/Misc._Dialplan_Tools_stop_displace,Misc._Dialplan_Tools_stop_displace,https://70.169.193.216/wiki/Misc._Dialplan_Tools_stop_displace
https://wiki.freeswitch.org/wiki/Misc._Dialplan_Tools_start_dtmf_generate,Misc._Dialplan_Tools_start_dtmf_generate,https://70.169.193.216/wiki/Misc._Dialplan_Tools_start_dtmf_generate
https://wiki.freeswitch.org/wiki/Misc._Dialplan_Tools_start_dtmf,Misc._Dialplan_Tools_start_dtmf,https://70.169.193.216/wiki/Misc._Dialplan_Tools_start_dtmf
https://wiki.freeswitch.org/wiki/Misc._Dialplan_Tools_stop_dtmf,Misc._Dialplan_Tools_stop_dtmf,https://70.169.193.216/wiki/Misc._Dialplan_Tools_stop_dtmf
https://wiki.freeswitch.org/wiki/Misc._Dialplan_Tools_speak,Misc._Dialplan_Tools_speak,https://70.169.193.216/wiki/Misc._Dialplan_Tools_speak
https://wiki.freeswitch.org/wiki/Misc._Dialplan_Tools_set_audio_level,Misc._Dialplan_Tools_set_audio_level,https://70.169.193.216/wiki/Misc._Dialplan_Tools_set_audio_level
https://wiki.freeswitch.org/wiki/Misc._Dialplan_Tools_sleep,Misc._Dialplan_Tools_sleep,https://70.169.193.216/wiki/Misc._Dialplan_Tools_sleep
https://wiki.freeswitch.org/wiki/Misc._Dialplan_Tools_set_global,Misc._Dialplan_Tools_set_global,https://70.169.193.216/wiki/Misc._Dialplan_Tools_set_global
https://wiki.freeswitch.org/wiki/Misc._Dialplan_Tools_set_zombie_exec,Misc._Dialplan_Tools_set_zombie_exec,https://70.169.193.216/wiki/Misc._Dialplan_Tools_set_zombie_exec
https://wiki.freeswitch.org/wiki/Misc._Dialplan_Tools_set_user,Misc._Dialplan_Tools_set_user,https://70.169.193.216/wiki/Misc._Dialplan_Tools_set_user
https://wiki.freeswitch.org/wiki/Misc._Dialplan_Tools_set_profile_var,Misc._Dialplan_Tools_set_profile_var,https://70.169.193.216/wiki/Misc._Dialplan_Tools_set_profile_var
https://wiki.freeswitch.org/wiki/Misc._Dialplan_Tools_set,Misc._Dialplan_Tools_set,https://70.169.193.216/wiki/Misc._Dialplan_Tools_set
https://wiki.freeswitch.org/wiki/Misc._Dialplan_Tools_session_displace,Misc._Dialplan_Tools_session_displace,https://70.169.193.216/wiki/Misc._Dialplan_Tools_session_displace
https://wiki.freeswitch.org/wiki/Misc._Dialplan_Tools_send_dtmf,Misc._Dialplan_Tools_send_dtmf,https://70.169.193.216/wiki/Misc._Dialplan_Tools_send_dtmf
https://wiki.freeswitch.org/wiki/Misc._Dialplan_Tools_sched_Cancel,Misc._Dialplan_Tools_sched_Cancel,https://70.169.193.216/wiki/Misc._Dialplan_Tools_sched_Cancel
https://wiki.freeswitch.org/wiki/Misc._Dialplan_Tools_Send_Display,Misc._Dialplan_Tools_Send_Display,https://70.169.193.216/wiki/Misc._Dialplan_Tools_Send_Display
https://wiki.freeswitch.org/wiki/Misc._Dialplan_Tools_say,Misc._Dialplan_Tools_say,https://70.169.193.216/wiki/Misc._Dialplan_Tools_say
https://wiki.freeswitch.org/wiki/Misc._Dialplan_Tools_ring_ready,Misc._Dialplan_Tools_ring_ready,https://70.169.193.216/wiki/Misc._Dialplan_Tools_ring_ready
https://wiki.freeswitch.org/wiki/Misc._Dialplan_Tools_sched_broadcast,Misc._Dialplan_Tools_sched_broadcast,https://70.169.193.216/wiki/Misc._Dialplan_Tools_sched_broadcast
https://wiki.freeswitch.org/wiki/Misc._Dialplan_Tools_sched_transfer,Misc._Dialplan_Tools_sched_transfer,https://70.169.193.216/wiki/Misc._Dialplan_Tools_sched_transfer
https://wiki.freeswitch.org/wiki/Misc._Dialplan_Tools_sched_hangup,Misc._Dialplan_Tools_sched_hangup,https://70.169.193.216/wiki/Misc._Dialplan_Tools_sched_hangup
https://wiki.freeswitch.org/wiki/Misc._Dialplan_Tools_rename,Misc._Dialplan_Tools_rename,https://70.169.193.216/wiki/Misc._Dialplan_Tools_rename
https://wiki.freeswitch.org/wiki/Misc._Dialplan_Tools_regex,Misc._Dialplan_Tools_regex,https://70.169.193.216/wiki/Misc._Dialplan_Tools_regex
https://wiki.freeswitch.org/wiki/Misc._Dialplan_Tools_redirect,Misc._Dialplan_Tools_redirect,https://70.169.193.216/wiki/Misc._Dialplan_Tools_redirect
https://wiki.freeswitch.org/wiki/Misc._Dialplan_Tools_respond,Misc._Dialplan_Tools_respond,https://70.169.193.216/wiki/Misc._Dialplan_Tools_respond
https://wiki.freeswitch.org/wiki/Multiset,Multiset,https://70.169.193.216/wiki/Multiset
https://wiki.freeswitch.org/wiki/Misc._Dialplan_Tools_record,Misc._Dialplan_Tools_record,https://70.169.193.216/wiki/Misc._Dialplan_Tools_record
https://wiki.freeswitch.org/wiki/Misc._Dialplan_Tools_read,Misc._Dialplan_Tools_read,https://70.169.193.216/wiki/Misc._Dialplan_Tools_read
https://wiki.freeswitch.org/wiki/Misc._Dialplan_Tools_record_session,Misc._Dialplan_Tools_record_session,https://70.169.193.216/wiki/Misc._Dialplan_Tools_record_session
https://wiki.freeswitch.org/wiki/Misc._Dialplan_Tools_queue_dtmf,Misc._Dialplan_Tools_queue_dtmf,https://70.169.193.216/wiki/Misc._Dialplan_Tools_queue_dtmf
https://wiki.freeswitch.org/wiki/180_vs._183_vs._Early_Media,180_vs._183_vs._Early_Media,https://70.169.193.216/wiki/180_vs._183_vs._Early_Media
https://wiki.freeswitch.org/wiki/Misc._Dialplan_Tools_privacy,Misc._Dialplan_Tools_privacy,https://70.169.193.216/wiki/Misc._Dialplan_Tools_privacy
https://wiki.freeswitch.org/wiki/Misc._Dialplan_Tools_presence,Misc._Dialplan_Tools_presence,https://70.169.193.216/wiki/Misc._Dialplan_Tools_presence
https://wiki.freeswitch.org/wiki/Misc._Dialplan_Tools_playback,Misc._Dialplan_Tools_playback,https://70.169.193.216/wiki/Misc._Dialplan_Tools_playback
https://wiki.freeswitch.org/wiki/Misc._Dialplan_Tools_play_and_get_digits,Misc._Dialplan_Tools_play_and_get_digits,https://70.169.193.216/wiki/Misc._Dialplan_Tools_play_and_get_digits
https://wiki.freeswitch.org/wiki/Misc._Dialplan_Tools_play_and_detect_speech,Misc._Dialplan_Tools_play_and_detect_speech,https://70.169.193.216/wiki/Misc._Dialplan_Tools_play_and_detect_speech
https://wiki.freeswitch.org/wiki/Misc._Dialplan_Tools_pickup,Misc._Dialplan_Tools_pickup,https://70.169.193.216/wiki/Misc._Dialplan_Tools_pickup
https://wiki.freeswitch.org/wiki/Misc._Dialplan_Tools_phrase,Misc._Dialplan_Tools_phrase,https://70.169.193.216/wiki/Misc._Dialplan_Tools_phrase
https://wiki.freeswitch.org/wiki/Misc._Dialplan_Tools_park,Misc._Dialplan_Tools_park,https://70.169.193.216/wiki/Misc._Dialplan_Tools_park
https://wiki.freeswitch.org/wiki/Working_With_Sound_Files,Working_With_Sound_Files,https://70.169.193.216/wiki/Working_With_Sound_Files
https://wiki.freeswitch.org/wiki/Misc._Dialplan_Tools_mutex,Misc._Dialplan_Tools_mutex,https://70.169.193.216/wiki/Misc._Dialplan_Tools_mutex
https://wiki.freeswitch.org/wiki/Misc._Dialplan_Tools_multiset,Misc._Dialplan_Tools_multiset,https://70.169.193.216/wiki/Misc._Dialplan_Tools_multiset
https://wiki.freeswitch.org/wiki/Misc._Dialplan_Tools_mkdir,Misc._Dialplan_Tools_mkdir,https://70.169.193.216/wiki/Misc._Dialplan_Tools_mkdir
https://wiki.freeswitch.org/wiki/Misc._Dialplan_Tools_media_reset,Misc._Dialplan_Tools_media_reset,https://70.169.193.216/wiki/Misc._Dialplan_Tools_media_reset
https://wiki.freeswitch.org/wiki/Misc._Dialplan_Tools_log,Misc._Dialplan_Tools_log,https://70.169.193.216/wiki/Misc._Dialplan_Tools_log
https://wiki.freeswitch.org/wiki/Misc._Dialplan_Tools_info,Misc._Dialplan_Tools_info,https://70.169.193.216/wiki/Misc._Dialplan_Tools_info
https://wiki.freeswitch.org/wiki/Misc._Dialplan_Tools_intercept,Misc._Dialplan_Tools_intercept,https://70.169.193.216/wiki/Misc._Dialplan_Tools_intercept
https://wiki.freeswitch.org/wiki/Misc._Dialplan_Tools_hangup,Misc._Dialplan_Tools_hangup,https://70.169.193.216/wiki/Misc._Dialplan_Tools_hangup
https://wiki.freeswitch.org/wiki/Misc._Dialplan_Tools_group,Misc._Dialplan_Tools_group,https://70.169.193.216/wiki/Misc._Dialplan_Tools_group
https://wiki.freeswitch.org/wiki/Misc._Dialplan_Tools_gentones,Misc._Dialplan_Tools_gentones,https://70.169.193.216/wiki/Misc._Dialplan_Tools_gentones
https://wiki.freeswitch.org/wiki/Misc._Dialplan_Tools_flush_dtmf,Misc._Dialplan_Tools_flush_dtmf,https://70.169.193.216/wiki/Misc._Dialplan_Tools_flush_dtmf
https://wiki.freeswitch.org/wiki/Misc._Dialplan_Tools_fax_detect,Misc._Dialplan_Tools_fax_detect,https://70.169.193.216/wiki/Misc._Dialplan_Tools_fax_detect
https://wiki.freeswitch.org/wiki/Misc._Dialplan_Tools_export,Misc._Dialplan_Tools_export,https://70.169.193.216/wiki/Misc._Dialplan_Tools_export
https://wiki.freeswitch.org/wiki/Misc._Dialplan_Tools_execute_extension,Misc._Dialplan_Tools_execute_extension,https://70.169.193.216/wiki/Misc._Dialplan_Tools_execute_extension
https://wiki.freeswitch.org/wiki/Misc._Dialplan_Tools_endless_playback,Misc._Dialplan_Tools_endless_playback,https://70.169.193.216/wiki/Misc._Dialplan_Tools_endless_playback
https://wiki.freeswitch.org/wiki/Misc._Dialplan_Tools_event,Misc._Dialplan_Tools_event,https://70.169.193.216/wiki/Misc._Dialplan_Tools_event
https://wiki.freeswitch.org/wiki/Misc._Dialplan_Tools_eval,Misc._Dialplan_Tools_eval,https://70.169.193.216/wiki/Misc._Dialplan_Tools_eval
https://wiki.freeswitch.org/wiki/Misc._Dialplan_Tools_echo,Misc._Dialplan_Tools_echo,https://70.169.193.216/wiki/Misc._Dialplan_Tools_echo
https://wiki.freeswitch.org/wiki/Misc._Dialplan_Tools_eavesdrop,Misc._Dialplan_Tools_eavesdrop,https://70.169.193.216/wiki/Misc._Dialplan_Tools_eavesdrop
https://wiki.freeswitch.org/wiki/Misc._Dialplan_Tools_detect_speech,Misc._Dialplan_Tools_detect_speech,https://70.169.193.216/wiki/Misc._Dialplan_Tools_detect_speech
https://wiki.freeswitch.org/wiki/Misc._Dialplan_Tools_displace_session,Misc._Dialplan_Tools_displace_session,https://70.169.193.216/wiki/Misc._Dialplan_Tools_displace_session
https://wiki.freeswitch.org/wiki/Misc._Dialplan_Tools_delay_echo,Misc._Dialplan_Tools_delay_echo,https://70.169.193.216/wiki/Misc._Dialplan_Tools_delay_echo
https://wiki.freeswitch.org/wiki/Misc._Dialplan_Tools_deflect,Misc._Dialplan_Tools_deflect,https://70.169.193.216/wiki/Misc._Dialplan_Tools_deflect
https://wiki.freeswitch.org/wiki/OpenMRCP,OpenMRCP,https://70.169.193.216/wiki/OpenMRCP
https://wiki.freeswitch.org/wiki/Misc._Dialplan_Tools_cng_plc,Misc._Dialplan_Tools_cng_plc,https://70.169.193.216/wiki/Misc._Dialplan_Tools_cng_plc
https://wiki.freeswitch.org/wiki/Misc._Dialplan_Tools_chat,Misc._Dialplan_Tools_chat,https://70.169.193.216/wiki/Misc._Dialplan_Tools_chat
https://wiki.freeswitch.org/wiki/Misc._Dialplan_Tools_bridge_export,Misc._Dialplan_Tools_bridge_export,https://70.169.193.216/wiki/Misc._Dialplan_Tools_bridge_export
https://wiki.freeswitch.org/wiki/Misc._Dialplan_Tools_break,Misc._Dialplan_Tools_break,https://70.169.193.216/wiki/Misc._Dialplan_Tools_break
https://wiki.freeswitch.org/wiki/Misc._Dialplan_Tools_att_xfer,Misc._Dialplan_Tools_att_xfer,https://70.169.193.216/wiki/Misc._Dialplan_Tools_att_xfer
https://wiki.freeswitch.org/wiki/Misc._Dialplan_Tools_bridge,Misc._Dialplan_Tools_bridge,https://70.169.193.216/wiki/Misc._Dialplan_Tools_bridge
https://wiki.freeswitch.org/wiki/Misc._Dialplan_Tools_bind_meta_app,Misc._Dialplan_Tools_bind_meta_app,https://70.169.193.216/wiki/Misc._Dialplan_Tools_bind_meta_app
https://wiki.freeswitch.org/wiki/Misc._Dialplan_Tools_answer,Misc._Dialplan_Tools_answer,https://70.169.193.216/wiki/Misc._Dialplan_Tools_answer
https://wiki.freeswitch.org/wiki/Deployment_Setup,Deployment_Setup,https://70.169.193.216/wiki/Deployment_Setup
https://wiki.freeswitch.org/wiki/Dialplan,Dialplan,https://70.169.193.216/wiki/Dialplan
https://wiki.freeswitch.org/wiki/Inline_Dialplan,Inline_Dialplan,https://70.169.193.216/wiki/Inline_Dialplan
https://wiki.freeswitch.org/wiki/Intercom,Intercom,https://70.169.193.216/wiki/Intercom
https://wiki.freeswitch.org/wiki/IVR_Menu,IVR_Menu,https://70.169.193.216/wiki/IVR_Menu
https://wiki.freeswitch.org/wiki/Limit,Limit,https://70.169.193.216/wiki/Limit
https://wiki.freeswitch.org/wiki/Callgroup_intercept,Callgroup_intercept,https://70.169.193.216/wiki/Callgroup_intercept
https://wiki.freeswitch.org/wiki/Mod_fifo,Mod_fifo,https://70.169.193.216/wiki/Mod_fifo
https://wiki.freeswitch.org/wiki/Download_&_Installation_Guide,Download_&_Installation_Guide,https://70.169.193.216/wiki/Download_&_Installation_Guide
https://wiki.freeswitch.org/wiki/XML_User_Directory_Guide,XML_User_Directory_Guide,https://70.169.193.216/wiki/XML_User_Directory_Guide
https://wiki.freeswitch.org/wiki/Mod_cdr_csv,Mod_cdr_csv,https://70.169.193.216/wiki/Mod_cdr_csv
https://wiki.freeswitch.org/wiki/Java,Java,https://70.169.193.216/wiki/Java
https://wiki.freeswitch.org/wiki/Modules,Modules,https://70.169.193.216/wiki/Modules
https://wiki.freeswitch.org/wiki/Cid,Cid,https://70.169.193.216/wiki/Cid
https://wiki.freeswitch.org/wiki/FreeSwitch_Dialplan_Directory,FreeSwitch_Dialplan_Directory,https://70.169.193.216/wiki/FreeSwitch_Dialplan_Directory
https://wiki.freeswitch.org/wiki/MWI,MWI,https://70.169.193.216/wiki/MWI
https://wiki.freeswitch.org/wiki/Multi-tenant,Multi-tenant,https://70.169.193.216/wiki/Multi-tenant
https://wiki.freeswitch.org/wiki/Mod_python,Mod_python,https://70.169.193.216/wiki/Mod_python
https://wiki.freeswitch.org/wiki/Perl,Perl,https://70.169.193.216/wiki/Perl
https://wiki.freeswitch.org/wiki/Debianbuild2,Debianbuild2,https://70.169.193.216/wiki/Debianbuild2
https://wiki.freeswitch.org/wiki/Mod_voicemail,Mod_voicemail,https://70.169.193.216/wiki/Mod_voicemail
https://wiki.freeswitch.org/wiki/Libfreeswitch,Libfreeswitch,https://70.169.193.216/wiki/Libfreeswitch
https://wiki.freeswitch.org/wiki/Javascript,Javascript,https://70.169.193.216/wiki/Javascript
https://wiki.freeswitch.org/wiki/Debian_packages_buildscript,Debian_packages_buildscript,https://70.169.193.216/wiki/Debian_packages_buildscript
https://wiki.freeswitch.org/wiki/Multiple_Companies,Multiple_Companies,https://70.169.193.216/wiki/Multiple_Companies
https://wiki.freeswitch.org/wiki/Lua,Lua,https://70.169.193.216/wiki/Lua
https://wiki.freeswitch.org/wiki/Mod_voicemail_key_map,Mod_voicemail_key_map,https://70.169.193.216/wiki/Mod_voicemail_key_map
https://wiki.freeswitch.org/wiki/PHP_email,PHP_email,https://70.169.193.216/wiki/PHP_email
https://wiki.freeswitch.org/wiki/Windows_email,Windows_email,https://70.169.193.216/wiki/Windows_email
https://wiki.freeswitch.org/wiki/Error_Codes,Error_Codes,https://70.169.193.216/wiki/Error_Codes
https://wiki.freeswitch.org/wiki/Freeswitch.xml.fsxml,Freeswitch.xml.fsxml,https://70.169.193.216/wiki/Freeswitch.xml.fsxml
https://wiki.freeswitch.org/wiki/Connection_Refused,Connection_Refused,https://70.169.193.216/wiki/Connection_Refused
https://wiki.freeswitch.org/wiki/Reporting_Bugs,Reporting_Bugs,https://70.169.193.216/wiki/Reporting_Bugs
https://wiki.freeswitch.org/wiki/Fs_logger.pl,Fs_logger.pl,https://70.169.193.216/wiki/Fs_logger.pl
https://wiki.freeswitch.org/wiki/Report_Issue_Checklist,Report_Issue_Checklist,https://70.169.193.216/wiki/Report_Issue_Checklist
https://wiki.freeswitch.org/wiki/PLC,PLC,https://70.169.193.216/wiki/PLC
https://wiki.freeswitch.org/wiki/Creating_a_new_Abstraction_Interface,Creating_a_new_Abstraction_Interface,https://70.169.193.216/wiki/Creating_a_new_Abstraction_Interface
https://wiki.freeswitch.org/wiki/Developer_Potpourri,Developer_Potpourri,https://70.169.193.216/wiki/Developer_Potpourri
https://wiki.freeswitch.org/wiki/Zapata_zaptel_interface,Zapata_zaptel_interface,https://70.169.193.216/wiki/Zapata_zaptel_interface
https://wiki.freeswitch.org/wiki/Coding_Guidelines,Coding_Guidelines,https://70.169.193.216/wiki/Coding_Guidelines
https://wiki.freeswitch.org/wiki/Developer_Tips,Developer_Tips,https://70.169.193.216/wiki/Developer_Tips
https://wiki.freeswitch.org/wiki/Zapata_zaptel,Zapata_zaptel,https://70.169.193.216/wiki/Zapata_zaptel
https://wiki.freeswitch.org/wiki/Mod_portaudio,Mod_portaudio,https://70.169.193.216/wiki/Mod_portaudio
https://wiki.freeswitch.org/wiki/Manipulating_Channel_Variables,Manipulating_Channel_Variables,https://70.169.193.216/wiki/Manipulating_Channel_Variables
https://wiki.freeswitch.org/wiki/Misc_howcanhelp,Misc_howcanhelp,https://70.169.193.216/wiki/Misc_howcanhelp
https://wiki.freeswitch.org/wiki/Documentation,Documentation,https://70.169.193.216/wiki/Documentation
https://wiki.freeswitch.org/wiki/Mod_event_socket,Mod_event_socket,https://70.169.193.216/wiki/Mod_event_socket
https://wiki.freeswitch.org/wiki/Download_FreeSWITCH,Download_FreeSWITCH,https://70.169.193.216/wiki/Download_FreeSWITCH
https://wiki.freeswitch.org/wiki/Dialplan_XML,Dialplan_XML,https://70.169.193.216/wiki/Dialplan_XML
https://wiki.freeswitch.org/wiki/Getting_Started_Guide,Getting_Started_Guide,https://70.169.193.216/wiki/Getting_Started_Guide
https://wiki.freeswitch.org/wiki/Core_Outline_of_FreeSWITCH,Core_Outline_of_FreeSWITCH,https://70.169.193.216/wiki/Core_Outline_of_FreeSWITCH
https://wiki.freeswitch.org/wiki/Installation_Guide,Installation_Guide,https://70.169.193.216/wiki/Installation_Guide
https://wiki.freeswitch.org/wiki/Acronyms,Acronyms,https://70.169.193.216/wiki/Acronyms
https://wiki.freeswitch.org/wiki/Misc._Dialplan_Tools_clear_speech_cache,Misc._Dialplan_Tools_clear_speech_cache,https://70.169.193.216/wiki/Misc._Dialplan_Tools_clear_speech_cache
https://wiki.freeswitch.org/wiki/Misc._Dialplan_Tools_remove_bugs,Misc._Dialplan_Tools_remove_bugs,https://70.169.193.216/wiki/Misc._Dialplan_Tools_remove_bugs
https://wiki.freeswitch.org/wiki/Misc._Dialplan_Tools_displace,Misc._Dialplan_Tools_displace,https://70.169.193.216/wiki/Misc._Dialplan_Tools_displace
https://wiki.freeswitch.org/wiki/Raspberry_PI-specific_documentation,Raspberry_PI-specific_documentation,https://70.169.193.216/wiki/Raspberry_PI-specific_documentation
https://wiki.freeswitch.org/wiki/Contact_mapping,Contact_mapping,https://70.169.193.216/wiki/Contact_mapping
https://wiki.freeswitch.org/wiki/Channels_vs_Calls,Channels_vs_Calls,https://70.169.193.216/wiki/Channels_vs_Calls
https://wiki.freeswitch.org/wiki/Mod_xmpp_event,Mod_xmpp_event,https://70.169.193.216/wiki/Mod_xmpp_event
https://wiki.freeswitch.org/wiki/CLI,CLI,https://70.169.193.216/wiki/CLI
https://wiki.freeswitch.org/wiki/Config_1000.xml,Config_1000.xml,https://70.169.193.216/wiki/Config_1000.xml
https://wiki.freeswitch.org/wiki/Dialplan_Basics,Dialplan_Basics,https://70.169.193.216/wiki/Dialplan_Basics
https://wiki.freeswitch.org/wiki/Config_directory.xml,Config_directory.xml,https://70.169.193.216/wiki/Config_directory.xml
https://wiki.freeswitch.org/wiki/Config_external.xml,Config_external.xml,https://70.169.193.216/wiki/Config_external.xml
https://wiki.freeswitch.org/wiki/MGCP,MGCP,https://70.169.193.216/wiki/MGCP
https://wiki.freeswitch.org/wiki/Config_default.xml,Config_default.xml,https://70.169.193.216/wiki/Config_default.xml
https://wiki.freeswitch.org/wiki/Default_Configuration_Overview,Default_Configuration_Overview,https://70.169.193.216/wiki/Default_Configuration_Overview
https://wiki.freeswitch.org/wiki/Astconf2fsconf,Astconf2fsconf,https://70.169.193.216/wiki/Astconf2fsconf
https://wiki.freeswitch.org/wiki/Before_You_Start,Before_You_Start,https://70.169.193.216/wiki/Before_You_Start
https://wiki.freeswitch.org/wiki/Life_Cycle_of_a_Call,Life_Cycle_of_a_Call,https://70.169.193.216/wiki/Life_Cycle_of_a_Call
https://wiki.freeswitch.org/wiki/RTP_payload_list,RTP_payload_list,https://70.169.193.216/wiki/RTP_payload_list
https://wiki.freeswitch.org/wiki/Examples_Ham_Radio,Examples_Ham_Radio,https://70.169.193.216/wiki/Examples_Ham_Radio
https://wiki.freeswitch.org/wiki/Config_directory_default.xml,Config_directory_default.xml,https://70.169.193.216/wiki/Config_directory_default.xml
https://wiki.freeswitch.org/wiki/Behavior_Impacting_Changes_History,Behavior_Impacting_Changes_History,https://70.169.193.216/wiki/Behavior_Impacting_Changes_History
https://wiki.freeswitch.org/wiki/Freeswitch_init,Freeswitch_init,https://70.169.193.216/wiki/Freeswitch_init
https://wiki.freeswitch.org/wiki/Networking,Networking,https://70.169.193.216/wiki/Networking
https://wiki.freeswitch.org/wiki/PBXMate-FreeSWITCH-integration,PBXMate-FreeSWITCH-integration,https://70.169.193.216/wiki/PBXMate-FreeSWITCH-integration
https://wiki.freeswitch.org/wiki/Authoring_Freeswitch_Modules,Authoring_Freeswitch_Modules,https://70.169.193.216/wiki/Authoring_Freeswitch_Modules
https://wiki.freeswitch.org/wiki/Embedding_FreeSWITCH,Embedding_FreeSWITCH,https://70.169.193.216/wiki/Embedding_FreeSWITCH
https://wiki.freeswitch.org/wiki/FreeSwitch_H323,FreeSwitch_H323,https://70.169.193.216/wiki/FreeSwitch_H323
https://wiki.freeswitch.org/wiki/Fs_rpt.pl,Fs_rpt.pl,https://70.169.193.216/wiki/Fs_rpt.pl
https://wiki.freeswitch.org/wiki/Mod_echolink,Mod_echolink,https://70.169.193.216/wiki/Mod_echolink
https://wiki.freeswitch.org/wiki/FreeSWITCH_Event_Socket,FreeSWITCH_Event_Socket,https://70.169.193.216/wiki/FreeSWITCH_Event_Socket
https://wiki.freeswitch.org/wiki/Changelog_Summary,Changelog_Summary,https://70.169.193.216/wiki/Changelog_Summary
https://wiki.freeswitch.org/wiki/Echolink_protocol,Echolink_protocol,https://70.169.193.216/wiki/Echolink_protocol
